position,feature
0,loan_amnt
1,int_rate
2,installment
3,annual_inc
4,dti
5,delinq_2yrs
6,fico_range_low
7,fico_range_high
8,inq_last_6mths
9,mths_since_last_delinq
10,mths_since_last_record
11,open_acc
12,pub_rec
13,revol_bal
14,revol_util
15,total_acc
16,collections_12_mths_ex_med
17,mths_since_last_major_derog
18,acc_now_delinq
19,tot_coll_amt
20,tot_cur_bal
21,total_rev_hi_lim
22,acc_open_past_24mths
23,avg_cur_bal
24,bc_open_to_buy
25,bc_util
26,chargeoff_within_12_mths
27,delinq_amnt
28,mo_sin_old_il_acct
29,mo_sin_old_rev_tl_op
30,mo_sin_rcnt_rev_tl_op
31,mo_sin_rcnt_tl
32,mort_acc
33,mths_since_recent_bc
34,mths_since_recent_bc_dlq
35,mths_since_recent_inq
36,mths_since_recent_revol_delinq
37,num_accts_ever_120_pd
38,num_actv_bc_tl
39,num_actv_rev_tl
40,num_bc_sats
41,num_bc_tl
42,num_il_tl
43,num_op_rev_tl
44,num_rev_accts
45,num_rev_tl_bal_gt_0
46,num_sats
47,num_tl_120dpd_2m
48,num_tl_30dpd
49,num_tl_90g_dpd_24m
50,num_tl_op_past_12m
51,pct_tl_nvr_dlq
52,percent_bc_gt_75
53,pub_rec_bankruptcies
54,tax_liens
55,tot_hi_cred_lim
56,total_bal_ex_mort
57,total_bc_limit
58,total_il_high_credit_limit
59,credit_history_months
60,term_months
61,emp_length_years
62,missingindicator_mths_since_last_delinq
63,missingindicator_mths_since_last_record
64,missingindicator_revol_util
65,missingindicator_mths_since_last_major_derog
66,missingindicator_tot_coll_amt
67,missingindicator_avg_cur_bal
68,missingindicator_bc_open_to_buy
69,missingindicator_bc_util
70,missingindicator_mo_sin_old_il_acct
71,missingindicator_mo_sin_old_rev_tl_op
72,missingindicator_mths_since_recent_bc
73,missingindicator_mths_since_recent_bc_dlq
74,missingindicator_mths_since_recent_inq
75,missingindicator_mths_since_recent_revol_delinq
76,missingindicator_num_tl_120dpd_2m
77,missingindicator_pct_tl_nvr_dlq
78,missingindicator_percent_bc_gt_75
79,missingindicator_emp_length_years
80,grade_A
81,grade_B
82,grade_C
83,grade_D
84,grade_E
85,grade_F
86,grade_G
87,sub_grade_A1
88,sub_grade_A2
89,sub_grade_A3
90,sub_grade_A4
91,sub_grade_A5
92,sub_grade_B1
93,sub_grade_B2
94,sub_grade_B3
95,sub_grade_B4
96,sub_grade_B5
97,sub_grade_C1
98,sub_grade_C2
99,sub_grade_C3
100,sub_grade_C4
101,sub_grade_C5
102,sub_grade_D1
103,sub_grade_D2
104,sub_grade_D3
105,sub_grade_D4
106,sub_grade_D5
107,sub_grade_E1
108,sub_grade_E2
109,sub_grade_E3
110,sub_grade_E4
111,sub_grade_E5
112,sub_grade_F1
113,sub_grade_F2
114,sub_grade_F3
115,sub_grade_F4
116,sub_grade_F5
117,sub_grade_G1
118,sub_grade_G2
119,sub_grade_infrequent_sklearn
120,home_ownership_MORTGAGE
121,home_ownership_OWN
122,home_ownership_RENT
123,home_ownership_infrequent_sklearn
124,verification_status_Not Verified
125,verification_status_Source Verified
126,verification_status_Verified
127,purpose_car
128,purpose_credit_card
129,purpose_debt_consolidation
130,purpose_home_improvement
131,purpose_house
132,purpose_major_purchase
133,purpose_medical
134,purpose_moving
135,purpose_other
136,purpose_small_business
137,purpose_vacation
138,purpose_wedding
139,purpose_infrequent_sklearn
140,addr_state_AK
141,addr_state_AL
142,addr_state_AR
143,addr_state_AZ
144,addr_state_CA
145,addr_state_CO
146,addr_state_CT
147,addr_state_DC
148,addr_state_DE
149,addr_state_FL
150,addr_state_GA
151,addr_state_HI
152,addr_state_IL
153,addr_state_IN
154,addr_state_KS
155,addr_state_KY
156,addr_state_LA
157,addr_state_MA
158,addr_state_MD
159,addr_state_MI
160,addr_state_MN
161,addr_state_MO
162,addr_state_MS
163,addr_state_MT
164,addr_state_NC
165,addr_state_NH
166,addr_state_NJ
167,addr_state_NM
168,addr_state_NV
169,addr_state_NY
170,addr_state_OH
171,addr_state_OK
172,addr_state_OR
173,addr_state_PA
174,addr_state_RI
175,addr_state_SC
176,addr_state_SD
177,addr_state_TN
178,addr_state_TX
179,addr_state_UT
180,addr_state_VA
181,addr_state_VT
182,addr_state_WA
183,addr_state_WI
184,addr_state_WV
185,addr_state_WY
186,addr_state_infrequent_sklearn
187,zip_code
188,emp_title
189,title
