feature,auc,auc_max_direction
int_rate,0.6740953795611669,0.6740953795611669
term_months,0.6052984992325644,0.6052984992325644
fico_range_high,0.4163569592031551,0.5836430407968449
fico_range_low,0.4163569592031551,0.5836430407968449
dti,0.5706983332199012,0.5706983332199012
acc_open_past_24mths,0.5689281770782385,0.5689281770782385
grade_B,0.43512403274827627,0.5648759672517237
grade_A,0.43671070152334696,0.5632892984766531
bc_open_to_buy,0.4373739911262939,0.5626260088737061
num_tl_op_past_12m,0.5592810777295909,0.5592810777295909
annual_inc,0.44533434964745544,0.5546656503525446
mo_sin_rcnt_tl,0.4493632141531095,0.5506367858468906
percent_bc_gt_75,0.5505392826871054,0.5505392826871054
total_bc_limit,0.44990126917622586,0.5500987308237741
bc_util,0.5485130388358946,0.5485130388358946
verification_status_Not Verified,0.45163917973431217,0.5483608202656878
avg_cur_bal,0.4520866246738593,0.5479133753261407
tot_hi_cred_lim,0.45249828844443774,0.5475017115555623
grade_D,0.5473819025452555,0.5473819025452555
loan_amnt,0.545301760746301,0.545301760746301
num_rev_tl_bal_gt_0,0.5451076792066792,0.5451076792066792
num_actv_rev_tl,0.5449629861495994,0.5449629861495994
emp_title,0.5435733817248884,0.5435733817248884
mo_sin_rcnt_rev_tl_op,0.45676048356023036,0.5432395164397696
grade_E,0.54144356756665,0.54144356756665
mths_since_recent_bc,0.4588166180158976,0.5411833819841023
revol_util,0.5409078849204249,0.5409078849204249
mort_acc,0.45918692488753715,0.5408130751124629
tot_cur_bal,0.4616113801475644,0.5383886198524356
inq_last_6mths,0.5380802383952903,0.5380802383952903
total_rev_hi_lim,0.4629112082327211,0.5370887917672789
mo_sin_old_rev_tl_op,0.4630908172219969,0.536909182778003
zip_code,0.5367086677377944,0.5367086677377944
title,0.5362152131118214,0.5362152131118214
mths_since_recent_inq,0.4647684928335634,0.5352315071664366
home_ownership_MORTGAGE,0.4680445259410072,0.5319554740589928
home_ownership_RENT,0.5309284574542141,0.5309284574542141
installment,0.5298338978851937,0.5298338978851937
credit_history_months,0.47288096891086456,0.5271190310891354
num_op_rev_tl,0.5249622993916351,0.5249622993916351
verification_status_Verified,0.5243038823509671,0.5243038823509671
verification_status_Source Verified,0.5240569379147206,0.5240569379147206
purpose_credit_card,0.4772398380244608,0.5227601619755392
num_actv_bc_tl,0.5210431645623969,0.5210431645623969
purpose_debt_consolidation,0.5209236241708937,0.5209236241708937
num_sats,0.519941026589163,0.519941026589163
open_acc,0.5196480804908639,0.5196480804908639
grade_F,0.5194107133883668,0.5194107133883668
mo_sin_old_il_acct,0.48338540702547905,0.516614592974521
sub_grade_B2,0.4837649388096962,0.5162350611903038
sub_grade_A5,0.48433460856109334,0.5156653914389067
sub_grade_B1,0.48437179941474834,0.5156282005852517
missingindicator_mths_since_recent_inq,0.48466871499607417,0.5153312850039258
sub_grade_B3,0.484980415892232,0.515019584107768
sub_grade_A4,0.4853264659439814,0.5146735340560187
grade_C,0.513978130701808,0.513978130701808
sub_grade_B4,0.4882368656678297,0.5117631343321702
sub_grade_A3,0.4884040322964627,0.5115959677035373
sub_grade_A1,0.48876013835327276,0.5112398616467273
sub_grade_D4,0.5107750365426146,0.5107750365426146
sub_grade_A2,0.4898854563685367,0.5101145436314634
missingindicator_mths_since_last_major_derog,0.489967836585076,0.5100321634149241
sub_grade_D2,0.5096345464609848,0.5096345464609848
sub_grade_E2,0.5096028675377176,0.5096028675377176
sub_grade_D5,0.509386258116654,0.509386258116654
sub_grade_D1,0.5092572589427948,0.5092572589427948
sub_grade_E1,0.5089192258214448,0.5089192258214448
num_accts_ever_120_pd,0.5088477446808615,0.5088477446808615
num_bc_tl,0.49124244585590904,0.508757554144091
missingindicator_emp_length_years,0.5083665108963104,0.5083665108963104
sub_grade_E3,0.5083471414081979,0.5083471414081979
sub_grade_D3,0.5083288024822074,0.5083288024822074
sub_grade_C5,0.5083012731600737,0.5083012731600737
revol_bal,0.4923388078619853,0.5076611921380147
sub_grade_E4,0.5076058410576735,0.5076058410576735
sub_grade_E5,0.506968491741616,0.506968491741616
sub_grade_C4,0.5068919731785859,0.5068919731785859
total_acc,0.4932989868333054,0.5067010131666946
num_bc_sats,0.5063101809483023,0.5063101809483023
tot_coll_amt,0.5062907233083789,0.5062907233083789
sub_grade_B5,0.49377001296377,0.50622998703623
pub_rec,0.5060565570237238,0.5060565570237238
missingindicator_mths_since_last_record,0.4940103783442755,0.5059896216557245
grade_G,0.5059509515262967,0.5059509515262967
missingindicator_mths_since_last_delinq,0.49412044046233644,0.5058795595376635
delinq_2yrs,0.5049039131100042,0.5049039131100042
addr_state_NY,0.5048440957100043,0.5048440957100043
sub_grade_F1,0.5047980892100689,0.5047980892100689
missingindicator_mths_since_recent_bc_dlq,0.49547793388035194,0.5045220661196481
addr_state_CA,0.49554042397813575,0.5044595760218642
sub_grade_F2,0.5044437093471387,0.5044437093471387
sub_grade_C1,0.49561487881190835,0.5043851211880916
sub_grade_F3,0.5041723028066,0.5041723028066
emp_length_years,0.49608654333360147,0.5039134566663985
pub_rec_bankruptcies,0.5037631899028859,0.5037631899028859
sub_grade_C3,0.5036667795697074,0.5036667795697074
sub_grade_F4,0.5035034731995883,0.5035034731995883
purpose_small_business,0.50342104432511,0.50342104432511
pct_tl_nvr_dlq,0.49658533602854077,0.5034146639714592
mths_since_last_record,0.5033774854451024,0.5033774854451024
addr_state_FL,0.5032777185979808,0.5032777185979808
mths_since_last_delinq,0.4967772317056175,0.5032227682943825
purpose_home_improvement,0.49696556877083925,0.5030344312291608
addr_state_TX,0.4969751216360647,0.5030248783639353
missingindicator_mths_since_recent_revol_delinq,0.4970167577599353,0.5029832422400646
mths_since_last_major_derog,0.502912721861185,0.502912721861185
purpose_other,0.5028190189980749,0.5028190189980749
addr_state_CO,0.49731008223650913,0.5026899177634909
addr_state_IL,0.4973457582745581,0.5026542417254418
mths_since_recent_revol_delinq,0.49734986193906183,0.5026501380609382
sub_grade_F5,0.5024931388249709,0.5024931388249709
sub_grade_infrequent_sklearn,0.5024835403720015,0.5024835403720015
num_tl_90g_dpd_24m,0.502450707008896,0.502450707008896
addr_state_WA,0.4977631720319321,0.5022368279680679
sub_grade_G1,0.5021003790125584,0.5021003790125584
addr_state_TN,0.5016453802070987,0.5016453802070987
addr_state_AL,0.5016380996583184,0.5016380996583184
addr_state_GA,0.4983622234564464,0.5016377765435536
addr_state_PA,0.5016049692771056,0.5016049692771056
total_bal_ex_mort,0.501583138864887,0.501583138864887
addr_state_OR,0.49856780594653943,0.5014321940534605
sub_grade_G2,0.5013670321417367,0.5013670321417367
purpose_car,0.49863455254406447,0.5013654474559355
addr_state_VA,0.5012327927032292,0.5012327927032292
addr_state_NJ,0.5012084370323637,0.5012084370323637
addr_state_NV,0.5011691442115681,0.5011691442115681
collections_12_mths_ex_med,0.501133248445245,0.501133248445245
purpose_major_purchase,0.4989070610054996,0.5010929389945005
addr_state_SC,0.49890721014254763,0.5010927898574524
addr_state_CT,0.49897077601805234,0.5010292239819476
home_ownership_OWN,0.5010285936616105,0.5010285936616105
addr_state_OH,0.5009691698513061,0.5009691698513061
addr_state_KS,0.49904475534374476,0.5009552446562553
addr_state_LA,0.5009069620253899,0.5009069620253899
addr_state_OK,0.5008679903655987,0.5008679903655987
addr_state_NH,0.4991463199993705,0.5008536800006296
addr_state_IN,0.5008262596239003,0.5008262596239003
addr_state_MO,0.5008187957007458,0.5008187957007458
addr_state_MD,0.5007894980393282,0.5007894980393282
purpose_moving,0.5007724342676609,0.5007724342676609
tax_liens,0.5007436042295045,0.5007436042295045
total_il_high_credit_limit,0.5007357503915849,0.5007357503915849
addr_state_MS,0.5007312737449068,0.5007312737449068
addr_state_NC,0.5007106378478748,0.5007106378478748
addr_state_AR,0.500695667577053,0.500695667577053
addr_state_DC,0.49938339096760453,0.5006166090323955
addr_state_WI,0.49939711641390794,0.5006028835860921
addr_state_WV,0.49939967174651034,0.5006003282534897
missingindicator_mo_sin_old_il_acct,0.5005711360951366,0.5005711360951366
missingindicator_bc_util,0.5005609705864541,0.5005609705864541
missingindicator_bc_open_to_buy,0.5005143312542037,0.5005143312542037
sub_grade_C2,0.4995032259815325,0.5004967740184675
purpose_medical,0.5004602008322248,0.5004602008322248
missingindicator_percent_bc_gt_75,0.5004573390383398,0.5004573390383398
mths_since_recent_bc_dlq,0.49954704073438255,0.5004529592656175
missingindicator_pct_tl_nvr_dlq,0.49954814172491707,0.500451858275083
missingindicator_mths_since_recent_bc,0.5004384616187533,0.5004384616187533
addr_state_KY,0.5004168721005469,0.5004168721005469
addr_state_MI,0.5004157381751935,0.5004157381751935
missingindicator_tot_coll_amt,0.4995877113284438,0.5004122886715562
missingindicator_mo_sin_old_rev_tl_op,0.4995951820432418,0.5004048179567582
missingindicator_avg_cur_bal,0.49960514073242457,0.5003948592675754
addr_state_NM,0.5003889058803611,0.5003889058803611
num_rev_accts,0.5003246206721234,0.5003246206721234
addr_state_HI,0.5003070542955791,0.5003070542955791
addr_state_UT,0.49969331384871224,0.5003066861512877
num_tl_30dpd,0.5003063264732917,0.5003063264732917
addr_state_MA,0.49970317177967744,0.5002968282203226
acc_now_delinq,0.500293410976992,0.500293410976992
addr_state_VT,0.499711572112307,0.500288427887693
addr_state_WY,0.49972615330568965,0.5002738466943104
addr_state_MT,0.4997768372942263,0.5002231627057737
purpose_house,0.5002066379859197,0.5002066379859197
purpose_wedding,0.4997961971996088,0.5002038028003912
missingindicator_num_tl_120dpd_2m,0.49981745616015344,0.5001825438398466
chargeoff_within_12_mths,0.49982784081563353,0.5001721591843664
delinq_amnt,0.5001657616887936,0.5001657616887936
addr_state_DE,0.5001588293745551,0.5001588293745551
addr_state_AK,0.4998419256143063,0.5001580743856937
purpose_vacation,0.49984515471515695,0.500154845284843
addr_state_AZ,0.4998702602578922,0.5001297397421078
num_il_tl,0.5000980446770579,0.5000980446770579
addr_state_RI,0.4999071568380081,0.5000928431619919
num_tl_120dpd_2m,0.499964444118219,0.5000355558817811
addr_state_SD,0.5000228405761509,0.5000228405761509
addr_state_infrequent_sklearn,0.5000130720529857,0.5000130720529857
purpose_infrequent_sklearn,0.5000086671604861,0.5000086671604861
addr_state_MN,0.49999557612811313,0.5000044238718868
missingindicator_revol_util,0.5000024404328806,0.5000024404328806
home_ownership_infrequent_sklearn,0.49999842294316815,0.5000015770568318
