column,reason
loan_status,Target / outcome information
target,Target / outcome information
id,"Identifier, not a predictive feature"
member_id,"Identifier, not a predictive feature"
url,Administrative LendingClub listing URL
policy_code,Constant / non-informative field
initial_list_status,"Platform listing/origination attribute, not an underwriting feature"
funded_amnt,Post-prediction / post-origination information
funded_amnt_inv,Post-prediction / post-origination information
issue_d,Post-prediction / post-origination information
pymnt_plan,Post-prediction / post-origination information
out_prncp,Post-prediction / post-origination information
out_prncp_inv,Post-prediction / post-origination information
total_pymnt,Post-prediction / post-origination information
total_pymnt_inv,Post-prediction / post-origination information
total_rec_prncp,Post-prediction / post-origination information
total_rec_int,Post-prediction / post-origination information
total_rec_late_fee,Post-prediction / post-origination information
recoveries,Post-prediction / post-origination information
collection_recovery_fee,Post-prediction / post-origination information
last_pymnt_d,Post-prediction / post-origination information
last_pymnt_amnt,Post-prediction / post-origination information
next_pymnt_d,Post-prediction / post-origination information
last_credit_pull_d,Post-prediction / post-origination information
last_fico_range_high,Post-prediction / post-origination information
last_fico_range_low,Post-prediction / post-origination information
hardship_flag,Post-prediction / post-origination information
hardship_type,Post-prediction / post-origination information
hardship_reason,Post-prediction / post-origination information
hardship_status,Post-prediction / post-origination information
deferral_term,Post-prediction / post-origination information
hardship_amount,Post-prediction / post-origination information
hardship_start_date,Post-prediction / post-origination information
hardship_end_date,Post-prediction / post-origination information
payment_plan_start_date,Post-prediction / post-origination information
hardship_length,Post-prediction / post-origination information
hardship_dpd,Post-prediction / post-origination information
hardship_loan_status,Post-prediction / post-origination information
orig_projected_additional_accrued_interest,Post-prediction / post-origination information
hardship_payoff_balance_amount,Post-prediction / post-origination information
hardship_last_payment_amount,Post-prediction / post-origination information
disbursement_method,Post-prediction / post-origination information
debt_settlement_flag,Post-prediction / post-origination information
debt_settlement_flag_date,Post-prediction / post-origination information
settlement_status,Post-prediction / post-origination information
settlement_date,Post-prediction / post-origination information
settlement_amount,Post-prediction / post-origination information
settlement_percentage,Post-prediction / post-origination information
settlement_term,Post-prediction / post-origination information
