reason,concept,share_of_declined_applicants
Loan term,term_months,0.5963665410453876
Credit score (FICO),fico_range_low,0.5579223332787154
Debt-to-income ratio,dti,0.43286088808782563
Annual income,annual_inc,0.3566483696542684
Accounts opened in the last 24 months,acc_open_past_24mths,0.3441135507127642
Loan amount,loan_amnt,0.3373750614451909
Job title (historical default rate of similar titles),emp_title,0.2822587252171063
Accounts opened in the last 12 months,num_tl_op_past_12m,0.17985007373422907
Age of oldest revolving account,mo_sin_old_rev_tl_op,0.10101589382271015
Total bankcard limit,total_bc_limit,0.08659675569392103
Home ownership,home_ownership,0.07279206947402916
Loan purpose,purpose,0.07170653776831067
Months since newest bankcard,mths_since_recent_bc,0.06496804850073734
Months since the most recent credit inquiry,mths_since_recent_inq,0.05089709978699
State,addr_state,0.04874651810584958
Total installment credit limit,total_il_high_credit_limit,0.04565377683106669
Months since last delinquency,mths_since_last_delinq,0.044322464361789285
Revolving balance,revol_bal,0.042827298050139274
Bankcard utilisation,bc_util,0.03893576929378994
Unused bankcard credit,bc_open_to_buy,0.03494183188595772
Credit inquiries in the last 6 months,inq_last_6mths,0.03215631656562346
Revolving credit utilisation,revol_util,0.02943224643617893
Age of oldest installment account,mo_sin_old_il_acct,0.026257578240209734
Employment length,emp_length_years,0.023738325413730953
Total revolving credit limit,total_rev_hi_lim,0.018822710142552844
Revolving accounts with a balance,num_rev_tl_bal_gt_0,0.01595526790103228
Share of bankcards above 75% utilisation,percent_bc_gt_75,0.014255284286416517
Total balance excluding mortgage,total_bal_ex_mort,0.00811076519744388
Length of credit history,credit_history_months,0.007864984433884975
Total credit limit,tot_hi_cred_lim,0.006144519088972637
Loan title (historical default rate),title,0.005714402752744552
Delinquencies in the last 2 years,delinq_2yrs,0.004874651810584958
Bankcard accounts,num_bc_tl,0.004649352777322628
Months since newest revolving account,mo_sin_rcnt_rev_tl_op,0.002560216287071932
Months since last bankcard delinquency,mths_since_recent_bc_dlq,0.002068654759954121
Total credit lines ever,total_acc,0.0014337211207602818
Installment accounts,num_il_tl,0.001310830738980829
Total amount ever in collections,tot_coll_amt,0.0010650499754219236
Months since newest account,mo_sin_rcnt_tl,0.0009626413239390464
Months since last major derogatory mark,mths_since_last_major_derog,0.0005120432574143864
Income verification,verification_status,0.00047107979682123547
Satisfactory accounts,num_sats,0.00024578076355890547
Months since last public record,mths_since_last_record,0.0001843355726691791
Revolving accounts,num_rev_accts,0.00016385384237260363
Share of accounts never delinquent,pct_tl_nvr_dlq,8.192692118630181e-05
Average balance per account,avg_cur_bal,8.192692118630181e-05
Total current balance,tot_cur_bal,4.096346059315091e-05
Active revolving accounts,num_actv_rev_tl,4.096346059315091e-05
