state,loans,actual_default_rate,mean_pd,calibration_gap_pts,roc_auc,approval_rate,bad_rate_among_approved,flag
LA,1998,0.24324324324324326,0.21561204407949522,-2.7631199163748037,0.7270641452740217,0.6721721721721722,0.16306775874906926,True
CT,2244,0.19919786096256684,0.17952560500440376,-1.9672255958163076,0.7305227828135135,0.7598039215686274,0.14076246334310852,False
OK,1550,0.2432258064516129,0.22967927203136349,-1.3546534420249419,0.7498060924288986,0.6393548387096775,0.13824419778002017,False
OH,5431,0.22574111581660836,0.21227516569572386,-1.34659501208845,0.7354367227704144,0.6774074756030197,0.14161456917640663,False
NY,12801,0.2288883680962425,0.21914949090771965,-0.9738877188522843,0.73306725012041,0.6625263651277244,0.14125692724914515,False
AZ,3725,0.21100671140939598,0.2029957587465952,-0.8010952662800774,0.726045798063595,0.7014765100671141,0.1377726750861079,False
TX,13213,0.20010595625520322,0.1926448363461268,-0.7461119909076414,0.7276361204785096,0.7310981609021419,0.13364389233954452,False
AR,1120,0.2392857142857143,0.2321255517881612,-0.7160162497553108,0.6901583631140075,0.6303571428571428,0.16288951841359772,False
NC,4804,0.2187760199833472,0.21265572145128847,-0.6120298532058727,0.7192315288270493,0.672564529558701,0.14051377282575053,False
AL,2025,0.24641975308641975,0.2413016111966984,-0.5118141889721345,0.7448054693922577,0.5990123456790123,0.1368507831821929,False
MN,3088,0.20790155440414507,0.20302052461925577,-0.48810297848893014,0.7388080991790271,0.7017487046632125,0.1329026303645593,False
KY,1555,0.21736334405144694,0.2127607049235954,-0.46026391278515544,0.7262523520345403,0.6681672025723473,0.1347449470644851,False
SC,1892,0.18128964059196617,0.17765631303667168,-0.36333275552944966,0.7472666462139591,0.7748414376321353,0.11527967257844475,False
CA,23201,0.19861212878755227,0.19502070176387074,-0.3591427023681537,0.7358679990640146,0.7243653290806431,0.12775199333571344,False
MD,3792,0.207542194092827,0.20427216467646547,-0.3270029416361536,0.7367712008998133,0.689873417721519,0.11888379204892967,False
CO,3665,0.16862210095497954,0.1653864776536816,-0.3235623301297924,0.7421417214449355,0.792087312414734,0.1174646916982432,False
NV,2435,0.2349075975359343,0.23202598042524405,-0.2881617110690238,0.7267340818065458,0.6238193018480492,0.14549045424621462,False
VA,4671,0.21023335474202526,0.21013187658368657,-0.010147815833869145,0.7395758513641314,0.679083707985442,0.12452711223203027,False
NJ,5794,0.2131515360717984,0.2131223782256791,-0.002915784611931538,0.7264740385392421,0.6796686227131515,0.13484002031488065,False
PA,5891,0.2140553386521813,0.21542891401640363,0.13735753642223347,0.7304753161380713,0.6635545747750806,0.13174724993604503,False
IN,2827,0.2207286876547577,0.22398086381135995,0.32521761566022545,0.7246274020275383,0.6409621506897771,0.1346578366445916,False
MO,2558,0.2111024237685692,0.2147302522599621,0.3627828491392898,0.7398340858202106,0.6681000781860829,0.1211234640140433,False
FL,11369,0.21426686603922948,0.21959820758971083,0.5331341550481344,0.7246708621029716,0.6603043363532413,0.13307579592380445,False
GA,5315,0.1857008466603951,0.1918348541390056,0.6134007478610509,0.749915725129081,0.729068673565381,0.11458064516129032,False
IL,6384,0.17559523809523808,0.1828376785976537,0.7242440502415626,0.7350184912327031,0.7546992481203008,0.11643835616438356,False
MA,3615,0.18201936376210234,0.19024458286148385,0.8225219099381509,0.7509705988468967,0.7183955739972337,0.11012706969580285,False
KS,1440,0.16875,0.1787528458052135,1.000284580521349,0.7481357715275843,0.7631944444444444,0.11373976342129208,False
UT,1201,0.1823480432972523,0.19399791434033675,1.1649871043084459,0.7400375712598461,0.7185678601165695,0.10660486674391657,False
WI,2244,0.16844919786096257,0.1815392971960315,1.3090099335068939,0.7450379103648129,0.7629233511586453,0.10864485981308411,False
MI,4451,0.19276567063581218,0.20772605438158975,1.4960383745777572,0.7342355668267163,0.6901819815771737,0.11881510416666667,False
WA,3760,0.15718085106382979,0.17472446301339575,1.754361194956597,0.7375132082745334,0.7779255319148937,0.10427350427350428,False
TN,2604,0.21044546850998463,0.2353752378489088,2.4929769338924155,0.7431143315629526,0.619431643625192,0.11903285802851829,True
OR,2114,0.13954588457899716,0.16711309192106247,2.7567207342065303,0.7367299969251125,0.7923368022705771,0.0955223880597015,True
