column,dtype,non_null_count,missing_count,missing_percentage,unique_values
sec_app_mths_since_last_major_derog,float64,6649,1341450,99.50678696445884,113
sec_app_revol_util,float64,18308,1329791,98.64193950147579,1112
revol_bal_joint,float64,18635,1329464,98.61768312267868,16157
sec_app_mort_acc,float64,18636,1329463,98.61760894415025,18
sec_app_fico_range_high,float64,18636,1329463,98.61760894415025,60
sec_app_earliest_cr_line,object,18636,1329463,98.61760894415025,570
sec_app_inq_last_6mths,float64,18636,1329463,98.61760894415025,7
sec_app_fico_range_low,float64,18636,1329463,98.61760894415025,60
sec_app_open_acc,float64,18636,1329463,98.61760894415025,54
sec_app_open_act_il,float64,18636,1329463,98.61760894415025,35
sec_app_num_rev_accts,float64,18636,1329463,98.61760894415025,68
sec_app_chargeoff_within_12_mths,float64,18636,1329463,98.61760894415025,15
sec_app_collections_12_mths_ex_med,float64,18636,1329463,98.61760894415025,12
verification_status_joint,object,25601,1322498,98.10095549362472,3
dti_joint,float64,25803,1322296,98.08597143088156,3658
annual_inc_joint,float64,25806,1322293,98.08574889529626,5161
desc,object,125953,1222146,90.65699180846511,124398
mths_since_last_record,float64,229424,1118675,82.98166529312758,126
mths_since_recent_bc_dlq,float64,319029,1029070,76.33489825302148,168
mths_since_last_major_derog,float64,353757,994342,73.75882631765175,173
mths_since_recent_revol_delinq,float64,449976,898123,66.62144249049959,168
il_util,float64,465047,883052,65.50349788850819,236
mths_since_rcnt_il,float64,523419,824680,61.17354882690367,342
all_util,float64,537583,810516,60.12288415019965,171
open_acc_6m,float64,537635,810464,60.119026866721214,19
inq_last_12m,float64,537635,810464,60.119026866721214,43
total_cu_tl,float64,537635,810464,60.119026866721214,53
open_il_24m,float64,537636,810463,60.118952688192785,31
total_bal_il,float64,537636,810463,60.118952688192785,118365
inq_fi,float64,537636,810463,60.118952688192785,30
max_bal_bc,float64,537636,810463,60.118952688192785,27510
open_rv_24m,float64,537636,810463,60.118952688192785,47
open_act_il,float64,537636,810463,60.118952688192785,50
open_il_12m,float64,537636,810463,60.118952688192785,19
open_rv_12m,float64,537636,810463,60.118952688192785,27
mths_since_last_delinq,float64,668139,679960,50.43843219229448,163
mths_since_recent_inq,float64,1171277,176822,13.116395754317747,26
num_tl_120dpd_2m,float64,1227947,120152,8.912698548103663,6
mo_sin_old_il_acct,float64,1239774,108325,8.035389092344108,522
emp_title,object,1262149,85950,6.37564451868891,379863
emp_length,object,1269549,78550,5.826723408295682,11
pct_tl_nvr_dlq,float64,1277669,70430,5.224393757431761,631
avg_cur_bal,float64,1277801,70298,5.214602191678801,76864
mo_sin_rcnt_rev_tl_op,float64,1277822,70277,5.213044442581739,286
mo_sin_old_rev_tl_op,float64,1277822,70277,5.213044442581739,756
num_rev_accts,float64,1277822,70277,5.213044442581739,107
mo_sin_rcnt_tl,float64,1277823,70276,5.2129702640533075,196
num_tl_30dpd,float64,1277823,70276,5.2129702640533075,5
num_rev_tl_bal_gt_0,float64,1277823,70276,5.2129702640533075,46
num_accts_ever_120_pd,float64,1277823,70276,5.2129702640533075,39
num_actv_bc_tl,float64,1277823,70276,5.2129702640533075,34
num_actv_rev_tl,float64,1277823,70276,5.2129702640533075,52
num_bc_tl,float64,1277823,70276,5.2129702640533075,68
num_il_tl,float64,1277823,70276,5.2129702640533075,114
num_tl_op_past_12m,float64,1277823,70276,5.2129702640533075,32
num_op_rev_tl,float64,1277823,70276,5.2129702640533075,74
tot_cur_bal,float64,1277823,70276,5.2129702640533075,400464
total_il_high_credit_limit,float64,1277823,70276,5.2129702640533075,162550
num_tl_90g_dpd_24m,float64,1277823,70276,5.2129702640533075,29
total_rev_hi_lim,float64,1277823,70276,5.2129702640533075,26799
tot_coll_amt,float64,1277823,70276,5.2129702640533075,12871
tot_hi_cred_lim,float64,1277823,70276,5.2129702640533075,427447
bc_util,float64,1283436,64663,4.796606183967201,1444
percent_bc_gt_75,float64,1283793,64306,4.77012444931715,245
bc_open_to_buy,float64,1284205,63894,4.739562895603364,74924
mths_since_recent_bc,float64,1285127,62972,4.6711702923895055,491
num_bc_sats,float64,1289509,58590,4.346119980802597,52
num_sats,float64,1289509,58590,4.346119980802597,83
mort_acc,float64,1298069,50030,3.711151777428809,39
total_bal_ex_mort,float64,1298069,50030,3.711151777428809,177997
total_bc_limit,float64,1298069,50030,3.711151777428809,17086
acc_open_past_24mths,float64,1298069,50030,3.711151777428809,55
title,object,1331437,16662,1.2359626407259408,63151
pub_rec_bankruptcies,float64,1346734,1365,0.10125369130902107,12
revol_util,float64,1347202,897,0.06653814000307098,1379
dti,float64,1347725,374,0.027742769633387458,7067
collections_12_mths_ex_med,float64,1347954,145,0.010755886622570005,15
chargeoff_within_12_mths,float64,1347954,145,0.010755886622570005,11
tax_liens,float64,1347994,105,0.007788745485309313,36
inq_last_6mths,float64,1348069,30,0.002225355852945518,28
total_acc,float64,1348070,29,0.002151177324514001,143
open_acc,float64,1348070,29,0.002151177324514001,84
acc_now_delinq,float64,1348070,29,0.002151177324514001,8
pub_rec,float64,1348070,29,0.002151177324514001,37
earliest_cr_line,object,1348070,29,0.002151177324514001,739
delinq_2yrs,float64,1348070,29,0.002151177324514001,31
delinq_amnt,float64,1348070,29,0.002151177324514001,2006
annual_inc,float64,1348095,4,0.0002967141137260691,64462
zip_code,object,1348098,1,7.417852843151727e-05,945
grade,object,1348099,0,0.0,7
home_ownership,object,1348099,0,0.0,6
installment,float64,1348099,0,0.0,83531
int_rate,float64,1348099,0,0.0,672
sub_grade,object,1348099,0,0.0,35
revol_bal,float64,1348099,0,0.0,84084
addr_state,object,1348099,0,0.0,51
verification_status,object,1348099,0,0.0,3
purpose,object,1348099,0,0.0,14
application_type,object,1348099,0,0.0,2
fico_range_high,float64,1348099,0,0.0,48
fico_range_low,float64,1348099,0,0.0,48
term,object,1348099,0,0.0,2
loan_amnt,float64,1348099,0,0.0,1560
