column,dtype,non_null_count,missing_count,missing_percentage,unique_values,sample_values
id,object,1348099,0,0.0,1348099,"[68407277, 68355089, 68341763, 68476807, 68426831]"
member_id,float64,0,1348099,100.0,0,[]
loan_amnt,float64,1348099,0,0.0,1560,"[3600.0, 24700.0, 20000.0, 10400.0, 11950.0]"
funded_amnt,float64,1348099,0,0.0,1560,"[3600.0, 24700.0, 20000.0, 10400.0, 11950.0]"
funded_amnt_inv,float64,1348099,0,0.0,10041,"[3600.0, 24700.0, 20000.0, 10400.0, 11950.0]"
term,object,1348099,0,0.0,2,"[' 36 months', ' 36 months', ' 60 months', ' 60 months', ' 36 months']"
int_rate,float64,1348099,0,0.0,672,"[13.99, 11.99, 10.78, 22.45, 13.44]"
installment,float64,1348099,0,0.0,83531,"[123.03, 820.28, 432.66, 289.91, 405.18]"
grade,object,1348099,0,0.0,7,"['C', 'C', 'B', 'F', 'C']"
sub_grade,object,1348099,0,0.0,35,"['C4', 'C1', 'B4', 'F1', 'C3']"
emp_title,object,1262149,85950,6.37564451868891,379863,"['leadman', 'Engineer', 'truck driver', 'Contract Specialist', 'Veterinary Tecnician']"
emp_length,object,1269549,78550,5.826723408295682,11,"['10+ years', '10+ years', '10+ years', '3 years', '4 years']"
home_ownership,object,1348099,0,0.0,6,"['MORTGAGE', 'MORTGAGE', 'MORTGAGE', 'MORTGAGE', 'RENT']"
annual_inc,float64,1348095,4,0.0002967141137260691,64462,"[55000.0, 65000.0, 63000.0, 104433.0, 34000.0]"
verification_status,object,1348099,0,0.0,3,"['Not Verified', 'Not Verified', 'Not Verified', 'Source Verified', 'Source Verified']"
issue_d,object,1348099,0,0.0,139,"['Dec-2015', 'Dec-2015', 'Dec-2015', 'Dec-2015', 'Dec-2015']"
loan_status,object,1348099,0,0.0,5,"['Fully Paid', 'Fully Paid', 'Fully Paid', 'Fully Paid', 'Fully Paid']"
pymnt_plan,object,1348099,0,0.0,1,"['n', 'n', 'n', 'n', 'n']"
url,object,1348099,0,0.0,1348099,"['https://lendingclub.com/browse/loanDetail.action?loan_id=68407277', 'https://lendingclub.com/browse/loanDetail.action?loan_id=68355089', 'https://lendingclub.com/browse/loanDetail.action?loan_id=68341763', 'https://lendingclub.com/browse/loanDetail.action?loan_id=68476807', 'https://lendingclub.com/browse/loanDetail.action?loan_id=68426831']"
desc,object,125953,1222146,90.65699180846511,124398,"['We knew that using our credit cards to finance an adoption would squeeze us, but then medical and other unexpected expenses made the situation almost impossible. We are a stable family in a stable community. We just need to break a cycle of debt that is getting worse.', ""I had a bad year two years ago, with some late and missed payments. I'm doing much better now, but I've got fees and some higher interest bits that have added up on top of the other stuff, and it's a little crazy. I'm hoping doing it thru Lending Club will make it easier - and cheaper - to pay off."", ""Lenders,  I have the ability to pay off my current debt but, would like the ability to be able to put some extra money off to the side and build my personal savings account.  The lower interest rate of roughly 7% would enable me to do that.  I'm willing to share my credit report to anyone that is willing to help out. Please consider my application.  Thank you,"", ' I paid off my first Prosper loan, but had an emergency and took out a second Prosper loan, but at a very high interest rate - and I would like the opportunity to get the interest rate lowered.  This loan would be used to pay off the second Prosper Loan.  ', ' ']"
purpose,object,1348099,0,0.0,14,"['debt_consolidation', 'small_business', 'home_improvement', 'major_purchase', 'debt_consolidation']"
title,object,1331437,16662,1.2359626407259408,63151,"['Debt consolidation', 'Business', 'Major purchase', 'Debt consolidation', 'Debt consolidation']"
zip_code,object,1348098,1,7.417852843151727e-05,945,"['190xx', '577xx', '605xx', '174xx', '300xx']"
addr_state,object,1348099,0,0.0,51,"['PA', 'SD', 'IL', 'PA', 'GA']"
dti,float64,1347725,374,0.027742769633387458,7067,"[5.91, 16.06, 10.78, 25.37, 10.2]"
delinq_2yrs,float64,1348070,29,0.002151177324514001,31,"[0.0, 1.0, 0.0, 1.0, 0.0]"
earliest_cr_line,object,1348070,29,0.002151177324514001,739,"['Aug-2003', 'Dec-1999', 'Aug-2000', 'Jun-1998', 'Oct-1987']"
fico_range_low,float64,1348099,0,0.0,48,"[675.0, 715.0, 695.0, 695.0, 690.0]"
fico_range_high,float64,1348099,0,0.0,48,"[679.0, 719.0, 699.0, 699.0, 694.0]"
inq_last_6mths,float64,1348069,30,0.002225355852945518,28,"[1.0, 4.0, 0.0, 3.0, 0.0]"
mths_since_last_delinq,float64,668139,679960,50.43843219229448,163,"[30.0, 6.0, 12.0, 49.0, 3.0]"
mths_since_last_record,float64,229424,1118675,82.98166529312758,126,"[106.0, 75.0, 30.0, 2.0, 66.0]"
open_acc,float64,1348070,29,0.002151177324514001,84,"[7.0, 22.0, 6.0, 12.0, 5.0]"
pub_rec,float64,1348070,29,0.002151177324514001,37,"[0.0, 0.0, 0.0, 0.0, 0.0]"
revol_bal,float64,1348099,0,0.0,84084,"[2765.0, 21470.0, 7869.0, 21929.0, 8822.0]"
revol_util,float64,1347202,897,0.06653814000307098,1379,"[29.7, 19.2, 56.2, 64.5, 68.4]"
total_acc,float64,1348070,29,0.002151177324514001,143,"[13.0, 38.0, 18.0, 35.0, 6.0]"
initial_list_status,object,1348099,0,0.0,2,"['w', 'w', 'w', 'w', 'w']"
out_prncp,float64,1348099,0,0.0,41,"[0.0, 0.0, 0.0, 0.0, 0.0]"
out_prncp_inv,float64,1348099,0,0.0,41,"[0.0, 0.0, 0.0, 0.0, 0.0]"
total_pymnt,float64,1348099,0,0.0,1264380,"[4421.723916800001, 25679.66, 22705.9242938784, 11740.5, 13708.9485297572]"
total_pymnt_inv,float64,1348099,0,0.0,1014400,"[4421.72, 25679.66, 22705.92, 11740.5, 13708.95]"
total_rec_prncp,float64,1348099,0,0.0,205493,"[3600.0, 24700.0, 20000.0, 10400.0, 11950.0]"
total_rec_int,float64,1348099,0,0.0,517560,"[821.72, 979.66, 2705.92, 1340.5, 1758.95]"
total_rec_late_fee,float64,1348099,0,0.0,16234,"[0.0, 0.0, 0.0, 0.0, 0.0]"
recoveries,float64,1348099,0,0.0,132777,"[0.0, 0.0, 0.0, 0.0, 0.0]"
collection_recovery_fee,float64,1348099,0,0.0,146222,"[0.0, 0.0, 0.0, 0.0, 0.0]"
last_pymnt_d,object,1345774,2325,0.17246507860327764,136,"['Jan-2019', 'Jun-2016', 'Jun-2017', 'Jul-2016', 'May-2017']"
last_pymnt_amnt,float64,1348099,0,0.0,693799,"[122.67, 926.35, 15813.3, 10128.96, 7653.56]"
next_pymnt_d,object,2789,1345310,99.7931160842045,99,"['Apr-2019', 'Apr-2019', 'Apr-2019', 'Apr-2019', 'Apr-2019']"
last_credit_pull_d,object,1348042,57,0.004228176120596484,141,"['Mar-2019', 'Mar-2019', 'Mar-2019', 'Mar-2018', 'May-2017']"
last_fico_range_high,float64,1348099,0,0.0,72,"[564.0, 699.0, 704.0, 704.0, 759.0]"
last_fico_range_low,float64,1348099,0,0.0,71,"[560.0, 695.0, 700.0, 700.0, 755.0]"
collections_12_mths_ex_med,float64,1347954,145,0.010755886622570005,15,"[0.0, 0.0, 0.0, 0.0, 0.0]"
mths_since_last_major_derog,float64,353757,994342,73.75882631765175,173,"[30.0, 3.0, 75.0, 33.0, 55.0]"
policy_code,float64,1348099,0,0.0,1,"[1.0, 1.0, 1.0, 1.0, 1.0]"
application_type,object,1348099,0,0.0,2,"['Individual', 'Individual', 'Joint App', 'Individual', 'Individual']"
annual_inc_joint,float64,25806,1322293,98.08574889529626,5161,"[71000.0, 77000.0, 113314.0, 117000.0, 94348.32]"
dti_joint,float64,25803,1322296,98.08597143088156,3658,"[13.85, 15.4, 25.44, 22.76, 17.07]"
verification_status_joint,object,25601,1322498,98.10095549362472,3,"['Not Verified', 'Not Verified', 'Not Verified', 'Not Verified', 'Not Verified']"
acc_now_delinq,float64,1348070,29,0.002151177324514001,8,"[0.0, 0.0, 0.0, 0.0, 0.0]"
tot_coll_amt,float64,1277823,70276,5.2129702640533075,12871,"[722.0, 0.0, 0.0, 0.0, 0.0]"
tot_cur_bal,float64,1277823,70276,5.2129702640533075,400464,"[144904.0, 204396.0, 189699.0, 331730.0, 12798.0]"
open_acc_6m,float64,537635,810464,60.119026866721214,19,"[2.0, 1.0, 0.0, 1.0, 0.0]"
open_act_il,float64,537636,810463,60.118952688192785,50,"[2.0, 1.0, 1.0, 3.0, 1.0]"
open_il_12m,float64,537636,810463,60.118952688192785,19,"[0.0, 0.0, 0.0, 0.0, 0.0]"
open_il_24m,float64,537636,810463,60.118952688192785,31,"[1.0, 1.0, 4.0, 3.0, 0.0]"
mths_since_rcnt_il,float64,523419,824680,61.17354882690367,342,"[21.0, 19.0, 19.0, 14.0, 338.0]"
total_bal_il,float64,537636,810463,60.118952688192785,118365,"[4981.0, 18005.0, 10827.0, 73839.0, 3976.0]"
il_util,float64,465047,883052,65.50349788850819,236,"[36.0, 73.0, 73.0, 84.0, 99.0]"
open_rv_12m,float64,537636,810463,60.118952688192785,27,"[3.0, 2.0, 0.0, 4.0, 0.0]"
open_rv_24m,float64,537636,810463,60.118952688192785,47,"[3.0, 3.0, 2.0, 7.0, 0.0]"
max_bal_bc,float64,537636,810463,60.118952688192785,27510,"[722.0, 6472.0, 2081.0, 9702.0, 4522.0]"
all_util,float64,537583,810516,60.12288415019965,171,"[34.0, 29.0, 65.0, 78.0, 76.0]"
total_rev_hi_lim,float64,1277823,70276,5.2129702640533075,26799,"[9300.0, 111800.0, 14000.0, 34000.0, 12900.0]"
inq_fi,float64,537636,810463,60.118952688192785,30,"[3.0, 0.0, 2.0, 2.0, 0.0]"
total_cu_tl,float64,537635,810464,60.119026866721214,53,"[1.0, 0.0, 5.0, 1.0, 0.0]"
inq_last_12m,float64,537635,810464,60.119026866721214,43,"[4.0, 6.0, 1.0, 3.0, 0.0]"
acc_open_past_24mths,float64,1298069,50030,3.711151777428809,55,"[4.0, 4.0, 6.0, 10.0, 0.0]"
avg_cur_bal,float64,1277801,70298,5.214602191678801,76864,"[20701.0, 9733.0, 31617.0, 27644.0, 2560.0]"
bc_open_to_buy,float64,1284205,63894,4.739562895603364,74924,"[1506.0, 57830.0, 2737.0, 4567.0, 844.0]"
bc_util,float64,1283436,64663,4.796606183967201,1444,"[37.2, 27.1, 55.9, 77.5, 91.0]"
chargeoff_within_12_mths,float64,1347954,145,0.010755886622570005,11,"[0.0, 0.0, 0.0, 0.0, 0.0]"
delinq_amnt,float64,1348070,29,0.002151177324514001,2006,"[0.0, 0.0, 0.0, 0.0, 0.0]"
mo_sin_old_il_acct,float64,1239774,108325,8.035389092344108,522,"[148.0, 113.0, 125.0, 128.0, 338.0]"
mo_sin_old_rev_tl_op,float64,1277822,70277,5.213044442581739,756,"[128.0, 192.0, 184.0, 210.0, 54.0]"
mo_sin_rcnt_rev_tl_op,float64,1277822,70277,5.213044442581739,286,"[3.0, 2.0, 14.0, 4.0, 32.0]"
mo_sin_rcnt_tl,float64,1277823,70276,5.2129702640533075,196,"[3.0, 2.0, 14.0, 4.0, 32.0]"
mort_acc,float64,1298069,50030,3.711151777428809,39,"[1.0, 4.0, 5.0, 6.0, 0.0]"
mths_since_recent_bc,float64,1285127,62972,4.6711702923895055,491,"[4.0, 2.0, 101.0, 4.0, 36.0]"
mths_since_recent_bc_dlq,float64,319029,1029070,76.33489825302148,168,"[69.0, 12.0, 48.0, 76.0, 15.0]"
mths_since_recent_inq,float64,1171277,176822,13.116395754317747,26,"[4.0, 0.0, 10.0, 1.0, 10.0]"
mths_since_recent_revol_delinq,float64,449976,898123,66.62144249049959,168,"[69.0, 6.0, 12.0, 42.0, 76.0]"
num_accts_ever_120_pd,float64,1277823,70276,5.2129702640533075,39,"[2.0, 0.0, 0.0, 0.0, 0.0]"
num_actv_bc_tl,float64,1277823,70276,5.2129702640533075,34,"[2.0, 5.0, 2.0, 4.0, 2.0]"
num_actv_rev_tl,float64,1277823,70276,5.2129702640533075,52,"[4.0, 5.0, 3.0, 6.0, 3.0]"
num_bc_sats,float64,1289509,58590,4.346119980802597,52,"[2.0, 13.0, 2.0, 5.0, 2.0]"
num_bc_tl,float64,1277823,70276,5.2129702640533075,68,"[5.0, 17.0, 4.0, 9.0, 2.0]"
num_il_tl,float64,1277823,70276,5.2129702640533075,114,"[3.0, 6.0, 6.0, 10.0, 2.0]"
num_op_rev_tl,float64,1277823,70276,5.2129702640533075,74,"[4.0, 20.0, 4.0, 7.0, 4.0]"
num_rev_accts,float64,1277822,70277,5.213044442581739,107,"[9.0, 27.0, 7.0, 19.0, 4.0]"
num_rev_tl_bal_gt_0,float64,1277823,70276,5.2129702640533075,46,"[4.0, 5.0, 3.0, 6.0, 3.0]"
num_sats,float64,1289509,58590,4.346119980802597,83,"[7.0, 22.0, 6.0, 12.0, 5.0]"
num_tl_120dpd_2m,float64,1227947,120152,8.912698548103663,6,"[0.0, 0.0, 0.0, 0.0, 0.0]"
num_tl_30dpd,float64,1277823,70276,5.2129702640533075,5,"[0.0, 0.0, 0.0, 0.0, 0.0]"
num_tl_90g_dpd_24m,float64,1277823,70276,5.2129702640533075,29,"[0.0, 0.0, 0.0, 0.0, 0.0]"
num_tl_op_past_12m,float64,1277823,70276,5.2129702640533075,32,"[3.0, 2.0, 0.0, 4.0, 0.0]"
pct_tl_nvr_dlq,float64,1277669,70430,5.224393757431761,631,"[76.9, 97.4, 100.0, 96.6, 100.0]"
percent_bc_gt_75,float64,1283793,64306,4.77012444931715,245,"[0.0, 7.7, 50.0, 60.0, 100.0]"
pub_rec_bankruptcies,float64,1346734,1365,0.10125369130902107,12,"[0.0, 0.0, 0.0, 0.0, 0.0]"
tax_liens,float64,1347994,105,0.007788745485309313,36,"[0.0, 0.0, 0.0, 0.0, 0.0]"
tot_hi_cred_lim,float64,1277823,70276,5.2129702640533075,427447,"[178050.0, 314017.0, 218418.0, 439570.0, 16900.0]"
total_bal_ex_mort,float64,1298069,50030,3.711151777428809,177997,"[7746.0, 39475.0, 18696.0, 95768.0, 12798.0]"
total_bc_limit,float64,1298069,50030,3.711151777428809,17086,"[2400.0, 79300.0, 6200.0, 20300.0, 9400.0]"
total_il_high_credit_limit,float64,1277823,70276,5.2129702640533075,162550,"[13734.0, 24667.0, 14877.0, 88097.0, 4000.0]"
revol_bal_joint,float64,18635,1329464,98.61768312267868,16157,"[1282.0, 89861.0, 5048.0, 13308.0, 37840.0]"
sec_app_fico_range_low,float64,18636,1329463,98.61760894415025,60,"[635.0, 670.0, 630.0, 600.0, 685.0]"
sec_app_fico_range_high,float64,18636,1329463,98.61760894415025,60,"[639.0, 674.0, 634.0, 604.0, 689.0]"
sec_app_earliest_cr_line,object,18636,1329463,98.61760894415025,570,"['Feb-2007', 'Sep-2008', 'Aug-2006', 'Feb-2009', 'May-2004']"
sec_app_inq_last_6mths,float64,18636,1329463,98.61760894415025,7,"[5.0, 0.0, 3.0, 1.0, 0.0]"
sec_app_mort_acc,float64,18636,1329463,98.61760894415025,18,"[1.0, 3.0, 0.0, 0.0, 2.0]"
sec_app_open_acc,float64,18636,1329463,98.61760894415025,54,"[13.0, 17.0, 9.0, 6.0, 12.0]"
sec_app_revol_util,float64,18308,1329791,98.64193950147579,1112,"[32.0, 68.5, 82.8, 93.0, 67.2]"
sec_app_open_act_il,float64,18636,1329463,98.61760894415025,35,"[9.0, 5.0, 4.0, 5.0, 4.0]"
sec_app_num_rev_accts,float64,18636,1329463,98.61760894415025,68,"[12.0, 13.0, 5.0, 3.0, 16.0]"
sec_app_chargeoff_within_12_mths,float64,18636,1329463,98.61760894415025,15,"[0.0, 0.0, 0.0, 0.0, 0.0]"
sec_app_collections_12_mths_ex_med,float64,18636,1329463,98.61760894415025,12,"[0.0, 0.0, 0.0, 0.0, 0.0]"
sec_app_mths_since_last_major_derog,float64,6649,1341450,99.50678696445884,113,"[62.0, 49.0, 64.0, 0.0, 8.0]"
hardship_flag,object,1348099,0,0.0,1,"['N', 'N', 'N', 'N', 'N']"
hardship_type,object,5756,1342343,99.57302839034818,1,"['INTEREST ONLY-3 MONTHS DEFERRAL', 'INTEREST ONLY-3 MONTHS DEFERRAL', 'INTEREST ONLY-3 MONTHS DEFERRAL', 'INTEREST ONLY-3 MONTHS DEFERRAL', 'INTEREST ONLY-3 MONTHS DEFERRAL']"
hardship_reason,object,5756,1342343,99.57302839034818,9,"['NATURAL_DISASTER', 'NATURAL_DISASTER', 'DIVORCE', 'EXCESSIVE_OBLIGATIONS', 'NATURAL_DISASTER']"
hardship_status,object,5756,1342343,99.57302839034818,2,"['BROKEN', 'COMPLETED', 'COMPLETED', 'COMPLETED', 'COMPLETED']"
deferral_term,float64,5756,1342343,99.57302839034818,1,"[3.0, 3.0, 3.0, 3.0, 3.0]"
hardship_amount,float64,5756,1342343,99.57302839034818,5184,"[47.01, 213.98, 36.07, 47.48, 130.54]"
hardship_start_date,object,5756,1342343,99.57302839034818,26,"['Sep-2017', 'Sep-2017', 'Jul-2017', 'Dec-2017', 'Sep-2017']"
hardship_end_date,object,5756,1342343,99.57302839034818,25,"['Dec-2017', 'Dec-2017', 'Oct-2017', 'Feb-2018', 'Dec-2017']"
payment_plan_start_date,object,5756,1342343,99.57302839034818,25,"['Oct-2017', 'Sep-2017', 'Aug-2017', 'Dec-2017', 'Oct-2017']"
hardship_length,float64,5756,1342343,99.57302839034818,1,"[3.0, 3.0, 3.0, 3.0, 3.0]"
hardship_dpd,float64,5756,1342343,99.57302839034818,34,"[26.0, 18.0, 16.0, 27.0, 0.0]"
hardship_loan_status,object,5756,1342343,99.57302839034818,5,"['Late (16-30 days)', 'Late (16-30 days)', 'Late (16-30 days)', 'Late (31-120 days)', 'Current']"
orig_projected_additional_accrued_interest,float64,3761,1344338,99.72101455456907,3482,"[641.94, 108.21, 142.44, 391.62, 986.37]"
hardship_payoff_balance_amount,float64,5756,1342343,99.57302839034818,5750,"[3058.14, 18761.48, 4801.21, 3879.51, 14582.5]"
hardship_last_payment_amount,float64,5756,1342343,99.57302839034818,5050,"[61.23, 275.35, 55.51, 84.35, 0.71]"
disbursement_method,object,1348099,0,0.0,2,"['Cash', 'Cash', 'Cash', 'Cash', 'Cash']"
debt_settlement_flag,object,1348099,0,0.0,2,"['N', 'N', 'N', 'N', 'N']"
debt_settlement_flag_date,object,33292,1314807,97.53044843145793,83,"['Nov-2017', 'May-2018', 'Feb-2019', 'May-2018', 'Nov-2018']"
settlement_status,object,33292,1314807,97.53044843145793,3,"['COMPLETE', 'BROKEN', 'COMPLETE', 'ACTIVE', 'COMPLETE']"
settlement_date,object,33292,1314807,97.53044843145793,90,"['Sep-2017', 'Nov-2017', 'Jan-2018', 'May-2018', 'Sep-2017']"
settlement_amount,float64,33292,1314807,97.53044843145793,21762,"[9915.0, 2761.0, 4382.0, 3513.0, 13403.0]"
settlement_percentage,float64,33292,1314807,97.53044843145793,2062,"[55.0, 50.01, 44.99, 45.01, 45.0]"
settlement_term,float64,33292,1314807,97.53044843145793,40,"[1.0, 10.0, 12.0, 16.0, 18.0]"
target,float64,1348099,0,0.0,2,"[0.0, 0.0, 0.0, 0.0, 0.0]"
