column,missing_count,missing_percentage,non_missing_count,dtype,unique_non_missing,missingness_bucket,representation_category,planned_transformation,missing_value_strategy,strategy_documentation
sec_app_mths_since_last_major_derog,1341450,99.50678696445884,6649,float64,113,EXTREME_>=80%,NUMERIC,NUMERIC_PREPROCESSING,NUMERIC_IMPUTATION_REVIEW,Numeric imputation must be fitted using training data only.
sec_app_revol_util,1329791,98.64193950147579,18308,float64,1112,EXTREME_>=80%,NUMERIC,NUMERIC_PREPROCESSING,NUMERIC_IMPUTATION_REVIEW,Numeric imputation must be fitted using training data only.
revol_bal_joint,1329464,98.61768312267868,18635,float64,16157,EXTREME_>=80%,NUMERIC,NUMERIC_PREPROCESSING,NUMERIC_IMPUTATION_REVIEW,Numeric imputation must be fitted using training data only.
sec_app_mort_acc,1329463,98.61760894415025,18636,float64,18,EXTREME_>=80%,NUMERIC,NUMERIC_PREPROCESSING,NUMERIC_IMPUTATION_REVIEW,Numeric imputation must be fitted using training data only.
sec_app_fico_range_high,1329463,98.61760894415025,18636,float64,60,EXTREME_>=80%,NUMERIC,NUMERIC_PREPROCESSING,NUMERIC_IMPUTATION_REVIEW,Numeric imputation must be fitted using training data only.
sec_app_earliest_cr_line,1329463,98.61760894415025,18636,object,570,EXTREME_>=80%,DATE,DATE_FEATURE_ENGINEERING,DATE_MISSINGNESS_REVIEW,Date missingness requires semantic handling before date transformation.
sec_app_inq_last_6mths,1329463,98.61760894415025,18636,float64,7,EXTREME_>=80%,NUMERIC,NUMERIC_PREPROCESSING,NUMERIC_IMPUTATION_REVIEW,Numeric imputation must be fitted using training data only.
sec_app_fico_range_low,1329463,98.61760894415025,18636,float64,60,EXTREME_>=80%,NUMERIC,NUMERIC_PREPROCESSING,NUMERIC_IMPUTATION_REVIEW,Numeric imputation must be fitted using training data only.
sec_app_open_acc,1329463,98.61760894415025,18636,float64,54,EXTREME_>=80%,NUMERIC,NUMERIC_PREPROCESSING,NUMERIC_IMPUTATION_REVIEW,Numeric imputation must be fitted using training data only.
sec_app_open_act_il,1329463,98.61760894415025,18636,float64,35,EXTREME_>=80%,NUMERIC,NUMERIC_PREPROCESSING,NUMERIC_IMPUTATION_REVIEW,Numeric imputation must be fitted using training data only.
sec_app_num_rev_accts,1329463,98.61760894415025,18636,float64,68,EXTREME_>=80%,NUMERIC,NUMERIC_PREPROCESSING,NUMERIC_IMPUTATION_REVIEW,Numeric imputation must be fitted using training data only.
sec_app_chargeoff_within_12_mths,1329463,98.61760894415025,18636,float64,15,EXTREME_>=80%,NUMERIC,NUMERIC_PREPROCESSING,NUMERIC_IMPUTATION_REVIEW,Numeric imputation must be fitted using training data only.
sec_app_collections_12_mths_ex_med,1329463,98.61760894415025,18636,float64,12,EXTREME_>=80%,NUMERIC,NUMERIC_PREPROCESSING,NUMERIC_IMPUTATION_REVIEW,Numeric imputation must be fitted using training data only.
verification_status_joint,1322498,98.10095549362472,25601,object,3,EXTREME_>=80%,CATEGORICAL,ENCODING,CATEGORICAL_IMPUTATION_REVIEW,Categorical missingness requires training-fitted handling.
dti_joint,1322296,98.08597143088156,25803,float64,3658,EXTREME_>=80%,NUMERIC,NUMERIC_PREPROCESSING,NUMERIC_IMPUTATION_REVIEW,Numeric imputation must be fitted using training data only.
annual_inc_joint,1322293,98.08574889529626,25806,float64,5161,EXTREME_>=80%,NUMERIC,NUMERIC_PREPROCESSING,NUMERIC_IMPUTATION_REVIEW,Numeric imputation must be fitted using training data only.
desc,1222146,90.65699180846511,125953,object,124398,EXTREME_>=80%,FREE_TEXT,DROP_INITIAL_VERSION,DROP_INITIAL_TABULAR_MODEL,"desc is free-form text and 90.66% of values are missing. The initial model is tabular, so this field will not be imputed or used as a raw feature."
mths_since_last_record,1118675,82.98166529312758,229424,float64,126,EXTREME_>=80%,NUMERIC,NUMERIC_PREPROCESSING,NUMERIC_IMPUTATION_REVIEW,Numeric imputation must be fitted using training data only.
mths_since_recent_bc_dlq,1029070,76.33489825302148,319029,float64,168,VERY_HIGH_50-80%,NUMERIC,NUMERIC_PREPROCESSING,NUMERIC_IMPUTATION_REVIEW,Numeric imputation must be fitted using training data only.
mths_since_last_major_derog,994342,73.75882631765175,353757,float64,173,VERY_HIGH_50-80%,NUMERIC,NUMERIC_PREPROCESSING,NUMERIC_IMPUTATION_REVIEW,Numeric imputation must be fitted using training data only.
mths_since_recent_revol_delinq,898123,66.62144249049959,449976,float64,168,VERY_HIGH_50-80%,NUMERIC,NUMERIC_PREPROCESSING,NUMERIC_IMPUTATION_REVIEW,Numeric imputation must be fitted using training data only.
il_util,883052,65.50349788850819,465047,float64,236,VERY_HIGH_50-80%,NUMERIC,NUMERIC_PREPROCESSING,NUMERIC_IMPUTATION_REVIEW,Numeric imputation must be fitted using training data only.
mths_since_rcnt_il,824680,61.17354882690367,523419,float64,342,VERY_HIGH_50-80%,NUMERIC,NUMERIC_PREPROCESSING,NUMERIC_IMPUTATION_REVIEW,Numeric imputation must be fitted using training data only.
all_util,810516,60.12288415019965,537583,float64,171,VERY_HIGH_50-80%,NUMERIC,NUMERIC_PREPROCESSING,NUMERIC_IMPUTATION_REVIEW,Numeric imputation must be fitted using training data only.
open_acc_6m,810464,60.119026866721214,537635,float64,19,VERY_HIGH_50-80%,NUMERIC,NUMERIC_PREPROCESSING,NUMERIC_IMPUTATION_REVIEW,Numeric imputation must be fitted using training data only.
inq_last_12m,810464,60.119026866721214,537635,float64,43,VERY_HIGH_50-80%,NUMERIC,NUMERIC_PREPROCESSING,NUMERIC_IMPUTATION_REVIEW,Numeric imputation must be fitted using training data only.
total_cu_tl,810464,60.119026866721214,537635,float64,53,VERY_HIGH_50-80%,NUMERIC,NUMERIC_PREPROCESSING,NUMERIC_IMPUTATION_REVIEW,Numeric imputation must be fitted using training data only.
open_il_24m,810463,60.118952688192785,537636,float64,31,VERY_HIGH_50-80%,NUMERIC,NUMERIC_PREPROCESSING,NUMERIC_IMPUTATION_REVIEW,Numeric imputation must be fitted using training data only.
total_bal_il,810463,60.118952688192785,537636,float64,118365,VERY_HIGH_50-80%,NUMERIC,NUMERIC_PREPROCESSING,NUMERIC_IMPUTATION_REVIEW,Numeric imputation must be fitted using training data only.
inq_fi,810463,60.118952688192785,537636,float64,30,VERY_HIGH_50-80%,NUMERIC,NUMERIC_PREPROCESSING,NUMERIC_IMPUTATION_REVIEW,Numeric imputation must be fitted using training data only.
max_bal_bc,810463,60.118952688192785,537636,float64,27510,VERY_HIGH_50-80%,NUMERIC,NUMERIC_PREPROCESSING,NUMERIC_IMPUTATION_REVIEW,Numeric imputation must be fitted using training data only.
open_rv_24m,810463,60.118952688192785,537636,float64,47,VERY_HIGH_50-80%,NUMERIC,NUMERIC_PREPROCESSING,NUMERIC_IMPUTATION_REVIEW,Numeric imputation must be fitted using training data only.
open_act_il,810463,60.118952688192785,537636,float64,50,VERY_HIGH_50-80%,NUMERIC,NUMERIC_PREPROCESSING,NUMERIC_IMPUTATION_REVIEW,Numeric imputation must be fitted using training data only.
open_il_12m,810463,60.118952688192785,537636,float64,19,VERY_HIGH_50-80%,NUMERIC,NUMERIC_PREPROCESSING,NUMERIC_IMPUTATION_REVIEW,Numeric imputation must be fitted using training data only.
open_rv_12m,810463,60.118952688192785,537636,float64,27,VERY_HIGH_50-80%,NUMERIC,NUMERIC_PREPROCESSING,NUMERIC_IMPUTATION_REVIEW,Numeric imputation must be fitted using training data only.
mths_since_last_delinq,679960,50.43843219229448,668139,float64,163,VERY_HIGH_50-80%,NUMERIC,NUMERIC_PREPROCESSING,NUMERIC_IMPUTATION_REVIEW,Numeric imputation must be fitted using training data only.
mths_since_recent_inq,176822,13.116395754317747,1171277,float64,26,MODERATE_5-20%,NUMERIC,NUMERIC_PREPROCESSING,NUMERIC_IMPUTATION_REVIEW,Numeric imputation must be fitted using training data only.
num_tl_120dpd_2m,120152,8.912698548103663,1227947,float64,6,MODERATE_5-20%,NUMERIC,NUMERIC_PREPROCESSING,NUMERIC_IMPUTATION_REVIEW,Numeric imputation must be fitted using training data only.
mo_sin_old_il_acct,108325,8.035389092344108,1239774,float64,522,MODERATE_5-20%,NUMERIC,NUMERIC_PREPROCESSING,NUMERIC_IMPUTATION_REVIEW,Numeric imputation must be fitted using training data only.
emp_title,85950,6.37564451868891,1262149,object,379863,MODERATE_5-20%,HIGH_CARDINALITY_CATEGORICAL,REVIEW_ENCODER,MISSING_CATEGORY,emp_title is a high-cardinality categorical feature. Missing employment title represents unavailable information. Treat missingness as an explicit category during categorical encoding.
emp_length,78550,5.826723408295682,1269549,object,11,MODERATE_5-20%,CATEGORICAL,ENCODING,CATEGORICAL_IMPUTATION_REVIEW,Categorical missingness requires training-fitted handling.
pct_tl_nvr_dlq,70430,5.224393757431761,1277669,float64,631,MODERATE_5-20%,NUMERIC,NUMERIC_PREPROCESSING,NUMERIC_IMPUTATION_REVIEW,Numeric imputation must be fitted using training data only.
avg_cur_bal,70298,5.214602191678801,1277801,float64,76864,MODERATE_5-20%,NUMERIC,NUMERIC_PREPROCESSING,NUMERIC_IMPUTATION_REVIEW,Numeric imputation must be fitted using training data only.
mo_sin_rcnt_rev_tl_op,70277,5.213044442581739,1277822,float64,286,MODERATE_5-20%,NUMERIC,NUMERIC_PREPROCESSING,NUMERIC_IMPUTATION_REVIEW,Numeric imputation must be fitted using training data only.
mo_sin_old_rev_tl_op,70277,5.213044442581739,1277822,float64,756,MODERATE_5-20%,NUMERIC,NUMERIC_PREPROCESSING,NUMERIC_IMPUTATION_REVIEW,Numeric imputation must be fitted using training data only.
num_rev_accts,70277,5.213044442581739,1277822,float64,107,MODERATE_5-20%,NUMERIC,NUMERIC_PREPROCESSING,NUMERIC_IMPUTATION_REVIEW,Numeric imputation must be fitted using training data only.
mo_sin_rcnt_tl,70276,5.2129702640533075,1277823,float64,196,MODERATE_5-20%,NUMERIC,NUMERIC_PREPROCESSING,NUMERIC_IMPUTATION_REVIEW,Numeric imputation must be fitted using training data only.
num_tl_30dpd,70276,5.2129702640533075,1277823,float64,5,MODERATE_5-20%,NUMERIC,NUMERIC_PREPROCESSING,NUMERIC_IMPUTATION_REVIEW,Numeric imputation must be fitted using training data only.
num_rev_tl_bal_gt_0,70276,5.2129702640533075,1277823,float64,46,MODERATE_5-20%,NUMERIC,NUMERIC_PREPROCESSING,NUMERIC_IMPUTATION_REVIEW,Numeric imputation must be fitted using training data only.
num_accts_ever_120_pd,70276,5.2129702640533075,1277823,float64,39,MODERATE_5-20%,NUMERIC,NUMERIC_PREPROCESSING,NUMERIC_IMPUTATION_REVIEW,Numeric imputation must be fitted using training data only.
num_actv_bc_tl,70276,5.2129702640533075,1277823,float64,34,MODERATE_5-20%,NUMERIC,NUMERIC_PREPROCESSING,NUMERIC_IMPUTATION_REVIEW,Numeric imputation must be fitted using training data only.
num_actv_rev_tl,70276,5.2129702640533075,1277823,float64,52,MODERATE_5-20%,NUMERIC,NUMERIC_PREPROCESSING,NUMERIC_IMPUTATION_REVIEW,Numeric imputation must be fitted using training data only.
num_bc_tl,70276,5.2129702640533075,1277823,float64,68,MODERATE_5-20%,NUMERIC,NUMERIC_PREPROCESSING,NUMERIC_IMPUTATION_REVIEW,Numeric imputation must be fitted using training data only.
num_il_tl,70276,5.2129702640533075,1277823,float64,114,MODERATE_5-20%,NUMERIC,NUMERIC_PREPROCESSING,NUMERIC_IMPUTATION_REVIEW,Numeric imputation must be fitted using training data only.
num_tl_op_past_12m,70276,5.2129702640533075,1277823,float64,32,MODERATE_5-20%,NUMERIC,NUMERIC_PREPROCESSING,NUMERIC_IMPUTATION_REVIEW,Numeric imputation must be fitted using training data only.
num_op_rev_tl,70276,5.2129702640533075,1277823,float64,74,MODERATE_5-20%,NUMERIC,NUMERIC_PREPROCESSING,NUMERIC_IMPUTATION_REVIEW,Numeric imputation must be fitted using training data only.
tot_cur_bal,70276,5.2129702640533075,1277823,float64,400464,MODERATE_5-20%,NUMERIC,NUMERIC_PREPROCESSING,NUMERIC_IMPUTATION_REVIEW,Numeric imputation must be fitted using training data only.
total_il_high_credit_limit,70276,5.2129702640533075,1277823,float64,162550,MODERATE_5-20%,NUMERIC,NUMERIC_PREPROCESSING,NUMERIC_IMPUTATION_REVIEW,Numeric imputation must be fitted using training data only.
num_tl_90g_dpd_24m,70276,5.2129702640533075,1277823,float64,29,MODERATE_5-20%,NUMERIC,NUMERIC_PREPROCESSING,NUMERIC_IMPUTATION_REVIEW,Numeric imputation must be fitted using training data only.
total_rev_hi_lim,70276,5.2129702640533075,1277823,float64,26799,MODERATE_5-20%,NUMERIC,NUMERIC_PREPROCESSING,NUMERIC_IMPUTATION_REVIEW,Numeric imputation must be fitted using training data only.
tot_coll_amt,70276,5.2129702640533075,1277823,float64,12871,MODERATE_5-20%,NUMERIC,NUMERIC_PREPROCESSING,NUMERIC_IMPUTATION_REVIEW,Numeric imputation must be fitted using training data only.
tot_hi_cred_lim,70276,5.2129702640533075,1277823,float64,427447,MODERATE_5-20%,NUMERIC,NUMERIC_PREPROCESSING,NUMERIC_IMPUTATION_REVIEW,Numeric imputation must be fitted using training data only.
bc_util,64663,4.796606183967201,1283436,float64,1444,LOW_<5%,NUMERIC,NUMERIC_PREPROCESSING,NUMERIC_IMPUTATION_REVIEW,Numeric imputation must be fitted using training data only.
percent_bc_gt_75,64306,4.77012444931715,1283793,float64,245,LOW_<5%,NUMERIC,NUMERIC_PREPROCESSING,NUMERIC_IMPUTATION_REVIEW,Numeric imputation must be fitted using training data only.
bc_open_to_buy,63894,4.739562895603364,1284205,float64,74924,LOW_<5%,NUMERIC,NUMERIC_PREPROCESSING,NUMERIC_IMPUTATION_REVIEW,Numeric imputation must be fitted using training data only.
mths_since_recent_bc,62972,4.6711702923895055,1285127,float64,491,LOW_<5%,NUMERIC,NUMERIC_PREPROCESSING,NUMERIC_IMPUTATION_REVIEW,Numeric imputation must be fitted using training data only.
num_bc_sats,58590,4.346119980802597,1289509,float64,52,LOW_<5%,NUMERIC,NUMERIC_PREPROCESSING,NUMERIC_IMPUTATION_REVIEW,Numeric imputation must be fitted using training data only.
num_sats,58590,4.346119980802597,1289509,float64,83,LOW_<5%,NUMERIC,NUMERIC_PREPROCESSING,NUMERIC_IMPUTATION_REVIEW,Numeric imputation must be fitted using training data only.
mort_acc,50030,3.711151777428809,1298069,float64,39,LOW_<5%,NUMERIC,NUMERIC_PREPROCESSING,NUMERIC_IMPUTATION_REVIEW,Numeric imputation must be fitted using training data only.
total_bal_ex_mort,50030,3.711151777428809,1298069,float64,177997,LOW_<5%,NUMERIC,NUMERIC_PREPROCESSING,NUMERIC_IMPUTATION_REVIEW,Numeric imputation must be fitted using training data only.
total_bc_limit,50030,3.711151777428809,1298069,float64,17086,LOW_<5%,NUMERIC,NUMERIC_PREPROCESSING,NUMERIC_IMPUTATION_REVIEW,Numeric imputation must be fitted using training data only.
acc_open_past_24mths,50030,3.711151777428809,1298069,float64,55,LOW_<5%,NUMERIC,NUMERIC_PREPROCESSING,NUMERIC_IMPUTATION_REVIEW,Numeric imputation must be fitted using training data only.
title,16662,1.2359626407259408,1331437,object,63151,LOW_<5%,HIGH_CARDINALITY_TEXT,DROP_INITIAL_VERSION,DROP_INITIAL_TABULAR_MODEL,"title is high-cardinality text. The initial model will not perform text modeling, so missing values will not be imputed. The field is excluded from the initial tabular feature set."
pub_rec_bankruptcies,1365,0.10125369130902107,1346734,float64,12,LOW_<5%,NUMERIC,NUMERIC_PREPROCESSING,NUMERIC_IMPUTATION_REVIEW,Numeric imputation must be fitted using training data only.
revol_util,897,0.06653814000307098,1347202,float64,1379,LOW_<5%,NUMERIC,NUMERIC_PREPROCESSING,NUMERIC_IMPUTATION_REVIEW,Numeric imputation must be fitted using training data only.
dti,374,0.027742769633387458,1347725,float64,7067,LOW_<5%,NUMERIC,NUMERIC_PREPROCESSING,NUMERIC_IMPUTATION_REVIEW,Numeric imputation must be fitted using training data only.
collections_12_mths_ex_med,145,0.010755886622570005,1347954,float64,15,LOW_<5%,NUMERIC,NUMERIC_PREPROCESSING,NUMERIC_IMPUTATION_REVIEW,Numeric imputation must be fitted using training data only.
chargeoff_within_12_mths,145,0.010755886622570005,1347954,float64,11,LOW_<5%,NUMERIC,NUMERIC_PREPROCESSING,NUMERIC_IMPUTATION_REVIEW,Numeric imputation must be fitted using training data only.
tax_liens,105,0.007788745485309313,1347994,float64,36,LOW_<5%,NUMERIC,NUMERIC_PREPROCESSING,NUMERIC_IMPUTATION_REVIEW,Numeric imputation must be fitted using training data only.
inq_last_6mths,30,0.002225355852945518,1348069,float64,28,LOW_<5%,NUMERIC,NUMERIC_PREPROCESSING,NUMERIC_IMPUTATION_REVIEW,Numeric imputation must be fitted using training data only.
total_acc,29,0.002151177324514001,1348070,float64,143,LOW_<5%,NUMERIC,NUMERIC_PREPROCESSING,NUMERIC_IMPUTATION_REVIEW,Numeric imputation must be fitted using training data only.
open_acc,29,0.002151177324514001,1348070,float64,84,LOW_<5%,NUMERIC,NUMERIC_PREPROCESSING,NUMERIC_IMPUTATION_REVIEW,Numeric imputation must be fitted using training data only.
acc_now_delinq,29,0.002151177324514001,1348070,float64,8,LOW_<5%,NUMERIC,NUMERIC_PREPROCESSING,NUMERIC_IMPUTATION_REVIEW,Numeric imputation must be fitted using training data only.
pub_rec,29,0.002151177324514001,1348070,float64,37,LOW_<5%,NUMERIC,NUMERIC_PREPROCESSING,NUMERIC_IMPUTATION_REVIEW,Numeric imputation must be fitted using training data only.
earliest_cr_line,29,0.002151177324514001,1348070,object,739,LOW_<5%,DATE,DATE_FEATURE_ENGINEERING,DATE_MISSINGNESS_REVIEW,Date missingness requires semantic handling before date transformation.
delinq_2yrs,29,0.002151177324514001,1348070,float64,31,LOW_<5%,NUMERIC,NUMERIC_PREPROCESSING,NUMERIC_IMPUTATION_REVIEW,Numeric imputation must be fitted using training data only.
delinq_amnt,29,0.002151177324514001,1348070,float64,2006,LOW_<5%,NUMERIC,NUMERIC_PREPROCESSING,NUMERIC_IMPUTATION_REVIEW,Numeric imputation must be fitted using training data only.
annual_inc,4,0.0002967141137260691,1348095,float64,64462,LOW_<5%,NUMERIC,NUMERIC_PREPROCESSING,NUMERIC_IMPUTATION_REVIEW,Numeric imputation must be fitted using training data only.
zip_code,1,7.417852843151727e-05,1348098,object,945,LOW_<5%,CATEGORICAL,ENCODING,CATEGORICAL_IMPUTATION_REVIEW,Categorical missingness requires training-fitted handling.
