feature,mean_abs_shap,mean_shap,m3_rank
term_months,0.37166536,-0.05581717,1
loan_amnt,0.20993535,-0.03175605,2
annual_inc,0.1843344,-0.020635003,3
fico_range_low,0.15150502,-0.010765195,4
dti,0.14148168,0.010671769,5
acc_open_past_24mths,0.12134315,0.011538321,6
emp_title,0.099870436,0.0022194623,7
total_il_high_credit_limit,0.088281766,-0.01207174,11
num_tl_op_past_12m,0.08706378,0.0072110817,8
home_ownership_RENT,0.08255397,-0.006061181,10
percent_bc_gt_75,0.0778139,-0.02084827,9
mo_sin_old_rev_tl_op,0.06796092,-0.00773338,12
mths_since_recent_bc,0.06350461,-0.0033898323,13
total_bc_limit,0.0606789,0.0024310031,16
total_bal_ex_mort,0.05852555,0.002346277,21
total_rev_hi_lim,0.055194426,-0.011962466,19
bc_util,0.054405335,0.003855306,18
mo_sin_rcnt_rev_tl_op,0.05267057,-0.0023139978,23
zip_code,0.05239771,-0.0029873634,14
mths_since_recent_inq,0.05181966,-0.001910815,15
num_il_tl,0.04758001,0.00012558,20
tot_hi_cred_lim,0.047419325,-0.002162387,22
total_acc,0.04604773,0.0025614013,25
bc_open_to_buy,0.045837674,-0.0035310038,17
revol_util,0.0455885,-0.009113943,29
num_rev_tl_bal_gt_0,0.044747867,-0.0052407747,33
pct_tl_nvr_dlq,0.043060336,0.00042112684,28
purpose_credit_card,0.04198046,-0.0036684494,24
mo_sin_rcnt_tl,0.041544,-0.0004461279,26
inq_last_6mths,0.03983541,-0.014371468,27
credit_history_months,0.038497336,0.007612999,30
mths_since_last_delinq,0.035614967,-0.0015815115,31
num_rev_accts,0.035555173,-0.00018662534,36
revol_bal,0.033704866,0.015962603,35
title,0.03355533,0.019899862,32
avg_cur_bal,0.028404642,0.0051601757,34
emp_length_years,0.027248615,0.0026537983,39
num_bc_tl,0.02528382,-0.0021013366,43
mo_sin_old_il_acct,0.025222488,0.00018489706,40
verification_status_Verified,0.023298807,0.0056504793,37
tot_cur_bal,0.023022937,0.0022084385,44
mort_acc,0.022394327,0.0026629067,41
mths_since_recent_bc_dlq,0.02147664,-0.0007428734,47
num_sats,0.019626727,0.0053651626,54
verification_status_Not Verified,0.019505829,0.0010199264,38
num_bc_sats,0.01946881,-0.0030360175,42
purpose_debt_consolidation,0.018689347,0.0041541825,48
missingindicator_mths_since_recent_inq,0.01516172,-0.0019404814,49
home_ownership_MORTGAGE,0.014549573,-4.229362e-05,46
delinq_2yrs,0.014080092,0.0016429116,51
purpose_other,0.013609482,-0.0009770405,50
num_op_rev_tl,0.013573715,-0.0018186265,56
missingindicator_emp_length_years,0.013240585,-8.670222e-05,52
addr_state_NY,0.0128282085,-0.0011246917,53
mths_since_last_record,0.012291594,-0.0014553919,55
mths_since_recent_revol_delinq,0.012080248,-0.0019686895,57
missingindicator_mths_since_last_major_derog,0.011106629,-0.0003183953,61
num_actv_bc_tl,0.011041613,-0.0009968423,60
mths_since_last_major_derog,0.01050518,1.6766913e-05,58
num_actv_rev_tl,0.010429442,0.0020930597,45
purpose_small_business,0.0104213115,-0.002276692,59
verification_status_Source Verified,0.009007001,0.0017299533,84
tot_coll_amt,0.007890262,0.00034222662,62
addr_state_CA,0.0077153808,-0.001260151,68
addr_state_CO,0.0063419105,-0.0012528914,64
addr_state_WA,0.006006249,-0.00032270752,67
pub_rec_bankruptcies,0.0059892256,0.0005581757,69
addr_state_NJ,0.0058450573,-0.0005050406,63
addr_state_TX,0.0056739138,-0.00011040479,71
open_acc,0.0056703235,-0.0036496995,65
num_accts_ever_120_pd,0.0046504843,-0.00022078038,66
addr_state_GA,0.003908718,-0.00021539094,75
pub_rec,0.0038623405,0.00091432285,83
purpose_medical,0.003738863,-0.0003720377,70
missingindicator_mo_sin_old_il_acct,0.0036209743,-0.0005726536,76
addr_state_SC,0.0034330902,-0.00019853386,73
purpose_moving,0.0033613667,0.00029143697,77
addr_state_FL,0.00310316,-1.1085576e-05,72
addr_state_OR,0.003081652,-6.1872975e-05,79
addr_state_VA,0.0030755384,-7.128109e-05,74
tax_liens,0.0026286643,-0.00059625605,78
addr_state_MA,0.0025421304,7.681678e-05,80
missingindicator_mths_since_recent_bc_dlq,0.0025394736,0.000235865,87
addr_state_MD,0.002441759,-1.0409173e-05,81
missingindicator_mths_since_last_delinq,0.002246281,-0.0006108052,89
chargeoff_within_12_mths,0.0019884747,-8.161539e-05,85
addr_state_KS,0.0019294887,-0.00012660907,88
addr_state_WV,0.0019195742,1.4726105e-05,145
addr_state_IL,0.001755756,-3.4931258e-05,104
addr_state_NH,0.0016742577,-0.00019005279,139
purpose_vacation,0.0015781809,0.00016612107,136
collections_12_mths_ex_med,0.0015392316,0.0002974272,90
addr_state_TN,0.0014817634,3.530243e-05,94
addr_state_AL,0.0014594719,-3.3169406e-05,93
addr_state_NV,0.0014541221,-6.166916e-05,91
addr_state_PA,0.0014509617,-1.2322793e-05,95
purpose_home_improvement,0.0014496876,0.00014595214,82
num_tl_90g_dpd_24m,0.0013113741,-0.00013213305,99
home_ownership_OWN,0.0013042843,7.2419593e-06,86
addr_state_WI,0.0012348428,2.7522332e-05,101
addr_state_OK,0.0012222679,-1.9128609e-05,92
addr_state_MO,0.0011300303,-1.781882e-05,96
addr_state_AR,0.001117569,4.2298607e-06,98
purpose_major_purchase,0.0010447594,9.283835e-05,97
missingindicator_num_tl_120dpd_2m,0.00093475083,0.00010412515,108
missingindicator_mths_since_recent_revol_delinq,0.0007975763,-3.1611056e-05,102
addr_state_NC,0.00078967237,-6.857012e-05,103
addr_state_LA,0.0007836527,3.318492e-05,100
addr_state_CT,0.00071229273,-1.4564754e-05,109
purpose_car,0.00070753327,-0.0001039409,107
addr_state_MS,0.00065782544,0.00016083568,141
num_tl_30dpd,0.00064333336,0.00012036889,130
addr_state_MT,0.0005431207,1.5704563e-05,140
addr_state_WY,0.00052935444,-9.212649e-05,146
addr_state_OH,0.00046369486,1.0828093e-05,112
addr_state_NM,0.0004556888,-2.4072884e-05,111
addr_state_MN,0.000447758,1.2400683e-05,105
missingindicator_mths_since_last_record,0.0004465249,6.944555e-05,106
addr_state_VT,0.0004319904,-4.7659294e-05,144
addr_state_UT,0.00041595154,2.866157e-06,114
addr_state_AZ,0.00041480619,1.9944615e-05,117
addr_state_HI,0.00037746952,-4.8113074e-05,110
addr_state_DC,0.00035145687,-1.7223e-06,132
addr_state_IN,0.00018371153,-2.4156856e-07,113
missingindicator_bc_util,0.00017527239,9.7513075e-05,116
missingindicator_mths_since_recent_bc,0.00012097267,-4.639287e-05,119
missingindicator_pct_tl_nvr_dlq,7.2685776e-05,7.2685776e-05,120
addr_state_DE,6.990795e-05,1.3185779e-05,133
purpose_house,4.3742148e-05,6.748163e-06,135
delinq_amnt,4.2125575e-05,-1.3183515e-05,128
missingindicator_avg_cur_bal,3.7485748e-05,-3.7485748e-05,122
acc_now_delinq,0.0,0.0,126
home_ownership_infrequent_sklearn,0.0,0.0,127
missingindicator_mo_sin_old_rev_tl_op,0.0,0.0,125
missingindicator_percent_bc_gt_75,0.0,0.0,124
missingindicator_tot_coll_amt,0.0,0.0,121
missingindicator_revol_util,0.0,0.0,129
num_tl_120dpd_2m,0.0,0.0,131
missingindicator_bc_open_to_buy,0.0,0.0,123
addr_state_KY,0.0,0.0,115
purpose_wedding,0.0,0.0,137
purpose_infrequent_sklearn,0.0,0.0,134
addr_state_AK,0.0,0.0,138
addr_state_MI,0.0,0.0,118
addr_state_SD,0.0,0.0,143
addr_state_RI,0.0,0.0,142
addr_state_infrequent_sklearn,0.0,0.0,147
