version,trial,max_depth,min_child_weight,subsample,colsample_bytree,reg_lambda,reg_alpha,gamma,best_iteration,val_roc_auc,val_ks,val_brier,val_log_loss,val_mean_pd,seconds
A,0,6,1.0,0.8,0.7,1.0,0.0,0.0,550,0.7397802633479147,0.3486321922211507,0.14249645338539815,0.4458197310536846,0.1784693111185379,92.4
A,1,3,10.23,0.929,0.818,0.0023807258718953534,7.552865626115626,0.761,2334,0.741169550077099,0.35169887006834094,0.1422636991415543,0.44500454028034025,0.1789025906435114,242.8
A,2,9,64.381,0.564,0.67,0.030422303660192943,4.3035310846126915,0.644,357,0.7399920440093357,0.34772628680837975,0.14244764349001673,0.4455173566161886,0.17964525597065614,77.7
A,3,6,10.479,0.614,0.733,0.0017999855738190494,1.3745351808288662,0.632,573,0.7402064479010897,0.34991173326065994,0.1424880071679968,0.4457434494398727,0.17823334510370104,89.1
A,4,9,55.511,0.677,0.982,3.7366677629315164,0.7796819592477416,0.195,342,0.7392226612906982,0.3462147545642158,0.14262306630933835,0.44628427477190913,0.17794185431813525,73.1
A,5,5,1.261,0.577,0.81,0.95290284510031,6.879369904976102,0.326,858,0.7408033582332909,0.3488138710699295,0.14232675964391145,0.4452756885312339,0.17869165831056721,122.8
A,6,6,7.119,0.735,0.514,0.003308918125895613,0.02390697520559865,0.227,601,0.7404248000316782,0.34859249670407483,0.14240447901212724,0.44545353198657445,0.1787473649898415,90.3
A,7,7,10.137,0.916,0.82,0.017760965289612685,1.4497696604877646,0.805,374,0.7394405427911246,0.3465226207613004,0.14265709344464086,0.446288359343671,0.17727169122504222,70.9
A,8,8,7.791,0.644,0.809,0.0036225128477916286,0.000998943700215845,0.007,246,0.7381101768386138,0.3444992837477115,0.14289246800484745,0.447150773458797,0.17627563472963279,56.2
A,9,9,33.872,0.853,0.868,0.06849566747840921,0.06977598561004376,0.14,280,0.7388603948588226,0.3475973625610852,0.14276490528331962,0.4466806803995339,0.1772574439319885,62.9
A,10,9,1.835,0.834,0.683,0.18236623241944325,0.6683351259069793,0.635,241,0.7378514226051551,0.34664620165005894,0.14295147839877473,0.4472742441753995,0.17667356342540327,62.5
A,11,7,19.353,0.652,0.418,0.055830247990074425,0.0011828328138181756,0.409,458,0.7402707629309742,0.34754294485672627,0.14238833905371362,0.44527798282471287,0.18040510606054996,81.9
A,12,7,91.983,0.617,0.435,0.013351669333195199,0.0029374385413397696,0.662,643,0.7409340062610932,0.35098100475638105,0.14221842542168203,0.44480282745988875,0.1813220902011017,105.9
A,13,4,63.646,0.832,0.644,1.8033562887022723,0.0006836984566407328,0.023,913,0.7407610536944642,0.34909677674823797,0.14237615948405294,0.44528899247661413,0.1783028560056147,111.5
A,14,7,1.611,0.861,0.677,0.004416590318748445,0.03200544540995634,0.152,346,0.7392251205400193,0.34711692148943213,0.14271886710336473,0.4464164641950341,0.17738912880754368,64.2
A,15,6,10.632,0.691,0.581,0.33199410514009653,0.006442627956079213,0.088,499,0.7400343018461839,0.348439570434969,0.1425275860164929,0.44577841145348557,0.1784666850349044,77.9
A,16,8,1.869,0.981,0.945,0.6292576951965632,0.0021347636898932207,0.969,383,0.7375687959740798,0.34487267480049755,0.14300250629798616,0.44763686640098505,0.17642400486945506,76.1
A,17,5,44.626,0.725,0.563,0.0024297626318525124,3.2584569136159818,0.456,935,0.7409912030243316,0.3503900593499457,0.14227295468906437,0.44491399520421954,0.18018135314718253,124.9
A,18,9,2.922,0.653,0.748,0.005094377595611237,1.9189842949348843,0.759,219,0.7373850474473468,0.34492732077387855,0.1430694656460707,0.447579529071619,0.17668662829308696,62.7
A,19,6,9.869,0.814,0.75,0.3975451012379536,0.00026437574326785516,0.416,522,0.7400244017255275,0.34728503230705443,0.1425265124182647,0.445827701160575,0.17803849176126,80.5
A,20,8,1.247,0.747,0.598,0.0037852690645872665,0.0003288628669970316,0.588,245,0.7379068926762913,0.3452289235485118,0.1430087083422964,0.4473150586128078,0.17696378035459112,55.7
A,21,9,134.502,0.791,0.608,0.23102658895922132,0.000130022752382137,0.959,478,0.7403688262546644,0.34912258046483025,0.14235190559599564,0.4452664574112362,0.18030012289170355,88.4
A,22,4,12.876,0.891,0.45,0.08843686184081286,0.028414169822439567,0.938,1213,0.7408183898648555,0.3503831344131856,0.14225466661709227,0.44490267747789,0.1805242659502137,143.0
A,23,4,12.289,0.633,0.599,0.12097332285996083,0.015651548146915693,0.022,946,0.740261655113459,0.34886083509193655,0.14254882343892103,0.4458008225791501,0.17752028341268639,116.6
A,24,7,79.675,0.948,0.484,0.16449192163071713,0.00034904281752123987,0.672,620,0.7411173503090949,0.34986314107491423,0.14220906354329296,0.4447556808682047,0.18067696355188265,98.3
A,25,3,32.912,0.863,0.861,0.002697514475099916,3.8024124711520697,0.23,1838,0.741095290670319,0.35047877098095115,0.1423428925923774,0.44523050913125717,0.17792178693048724,199.9
A,26,5,1.219,0.777,0.623,2.085254046019695,1.0996572967485083,0.317,819,0.7409444183565562,0.35072467844348476,0.14233752589873136,0.4451618201972859,0.17891903560518324,113.5
A,27,4,4.671,0.758,0.554,5.548483261366302,0.0006653330356353112,0.045,969,0.7404813349312165,0.34943975677702777,0.1424386154070663,0.44547238987011073,0.1784670643730385,121.7
A,28,10,10.027,0.996,0.935,0.9872612193926231,2.8442152088511934,0.893,285,0.736911378744893,0.3449632591691939,0.14314006622747438,0.44805505059166967,0.17651885060714576,77.1
A,29,3,5.333,0.886,0.797,0.031234238019004493,0.0002967107902873661,0.747,1772,0.7405559952063505,0.3500228059387214,0.1425128827540107,0.4457339462801307,0.1770608881760437,185.7
A,30,7,4.017,0.968,0.545,0.0030976456055871824,1.430748702142978,0.153,472,0.7401258932772443,0.34925707633968295,0.14244692963099762,0.4455397436300519,0.17937518432088742,80.0
A,31,8,23.944,0.937,0.518,0.017429891818596086,0.7709464113644713,0.972,433,0.7400105569764137,0.34823101174420823,0.14254458516206775,0.44582094550163626,0.1785685324595867,78.5
A,32,4,14.198,0.572,0.408,0.00829132845971217,0.00045615358133889244,0.678,1206,0.7402252912759306,0.35021075869169244,0.14237334245289965,0.4452357580529937,0.18039029428065032,145.6
A,33,10,14.624,0.847,0.749,0.006296549278860491,1.0486308516902787,0.715,204,0.7377000585812847,0.34449077956200297,0.14294975526940978,0.4472714073537037,0.17677574432554147,58.5
A,34,3,50.168,0.566,0.474,5.131569367997017,0.009725030434488345,0.301,1601,0.7403601966374576,0.35116960155409277,0.14248057471019418,0.4455047757786616,0.17869011099542167,173.9
A,35,4,33.517,0.978,0.572,5.00303702908228,0.00013313659848188867,0.555,1208,0.7405449904266768,0.3481466873040497,0.14242721159508875,0.4454582223318916,0.17835146643927488,145.1
A,36,6,28.76,0.553,0.484,0.047474158701741286,6.778905202822458,0.596,665,0.7409522220125875,0.34865456724386124,0.14225148874060534,0.4448746722559582,0.1804004449958225,105.0
A,37,4,70.935,0.734,0.871,0.0011785476219968848,0.00035133384110443714,0.829,1224,0.7408404857238691,0.34941386571259536,0.14241856605457048,0.4454881092330806,0.17769993602394138,144.5
A,38,10,68.155,0.616,0.718,0.26549924034388384,2.1811963831993455,0.603,253,0.739966632076922,0.34880813755770773,0.1425451235747121,0.44574454131299135,0.1788864255384591,65.5
A,39,5,7.261,0.713,0.791,2.950954593302374,0.018598777990637735,0.248,811,0.7402870364158969,0.3498433597007346,0.14251954536149927,0.4458565277012045,0.17724862810382352,109.0
B,0,6,1.0,0.8,0.7,1.0,0.0,0.0,600,0.7346981938795951,0.33933278362425984,0.14292408458077638,0.4471895810616571,0.18658350319084416,79.6
B,1,3,10.23,0.929,0.818,0.0023807258718953534,7.552865626115626,0.761,2584,0.7355923468151813,0.3414800800339143,0.1427246036689191,0.4465907524434275,0.18743957926307278,221.2
B,2,9,64.381,0.564,0.67,0.030422303660192943,4.3035310846126915,0.644,366,0.7340245105027043,0.340335956097811,0.14301897028149527,0.44744473399837104,0.18703889889035316,65.8
B,3,6,10.479,0.614,0.733,0.0017999855738190494,1.3745351808288662,0.632,422,0.7346039687364612,0.34208560321253706,0.14300142882608657,0.44735157214952975,0.1866838488655818,61.9
B,4,9,55.511,0.677,0.982,3.7366677629315164,0.7796819592477416,0.195,320,0.7338987945998072,0.3380706946831952,0.14312853219907706,0.44769272859306,0.18657849497846254,58.6
B,5,5,1.261,0.577,0.81,0.95290284510031,6.879369904976102,0.326,807,0.7353744295603726,0.339658524683335,0.14280408821079263,0.44678367733154284,0.18712631763858395,96.3
B,6,6,7.119,0.735,0.514,0.003308918125895613,0.02390697520559865,0.227,639,0.7346899563959582,0.34089964315495747,0.1429550783497047,0.4472377447899041,0.18653981735866154,80.1
B,7,7,10.137,0.916,0.82,0.017760965289612685,1.4497696604877646,0.805,476,0.7345945082665997,0.33933091321584474,0.1430073528241491,0.44734074150147085,0.18605963388690117,68.3
B,8,8,7.791,0.644,0.809,0.0036225128477916286,0.000998943700215845,0.007,390,0.7329991003172474,0.33912982684164183,0.14328439550874308,0.4482118623548771,0.18591495024036278,63.8
B,9,9,33.872,0.853,0.868,0.06849566747840921,0.06977598561004376,0.14,382,0.7335000450714855,0.3388687208549374,0.14315664055297958,0.4478748792905611,0.1862609880749135,64.6
B,10,9,1.835,0.834,0.683,0.18236623241944325,0.6683351259069793,0.635,211,0.7318494056852962,0.33712178035861523,0.14357854035520862,0.4489824500421548,0.18469853337490247,48.8
B,11,7,19.353,0.652,0.418,0.055830247990074425,0.0011828328138181756,0.409,507,0.7338930485094964,0.34015227057798647,0.1431025401988368,0.44763706014889554,0.186203925488236,70.7
B,12,7,91.983,0.617,0.435,0.013351669333195199,0.0029374385413397696,0.662,596,0.7353984031650198,0.34092583236668395,0.1428297631430968,0.4468242463276074,0.1863190388965874,79.9
B,13,4,63.646,0.832,0.644,1.8033562887022723,0.0006836984566407328,0.023,1335,0.7355000266702072,0.3408887281688631,0.14276589173774187,0.4467011289883531,0.18713792290418318,127.4
B,14,7,1.611,0.861,0.677,0.004416590318748445,0.03200544540995634,0.152,462,0.7336929134115038,0.3390993703967688,0.14313889310405334,0.44777330037625407,0.18599114277993767,67.7
B,15,6,10.632,0.691,0.581,0.33199410514009653,0.006442627956079213,0.088,499,0.7344595643555593,0.3383653853320848,0.14301099413058987,0.447367604496679,0.18683472087171812,67.8
B,16,8,1.869,0.981,0.945,0.6292576951965632,0.0021347636898932207,0.969,249,0.7329081374412441,0.3372114528158614,0.14334175515818692,0.448316515380958,0.18550498749440583,48.9
B,17,5,44.626,0.725,0.563,0.0024297626318525124,3.2584569136159818,0.456,895,0.7359077347094695,0.3441530636963743,0.14274372607348407,0.44657513160161133,0.18689068065070494,99.1
B,18,9,2.922,0.653,0.748,0.005094377595611237,1.9189842949348843,0.759,253,0.7322486673048882,0.3369083243656218,0.14347485006496935,0.4487445421176211,0.18485556359438973,56.5
B,19,6,9.869,0.814,0.75,0.3975451012379536,0.00026437574326785516,0.416,692,0.7350421603566586,0.3411565098598242,0.14292195672213368,0.4471075174169814,0.1865741898791991,85.4
B,20,8,1.247,0.747,0.598,0.0037852690645872665,0.0003288628669970316,0.588,339,0.7320809235811216,0.3365773645642624,0.1435132454779146,0.44881093998308613,0.18533316500965613,57.9
B,21,9,134.502,0.791,0.608,0.23102658895922132,0.000130022752382137,0.959,513,0.7349539249460773,0.34131703539101554,0.14288018790823667,0.44701409914954376,0.186103356220528,77.8
B,22,4,12.876,0.891,0.45,0.08843686184081286,0.028414169822439567,0.938,1254,0.7351314887798788,0.3423272574175785,0.1428677782125343,0.44696649499565977,0.18696022748680413,124.2
B,23,4,12.289,0.633,0.599,0.12097332285996083,0.015651548146915693,0.022,1263,0.7352572107388928,0.34049581662077993,0.1428420349778795,0.44690425863227934,0.18722834536247396,128.1
B,24,7,79.675,0.948,0.484,0.16449192163071713,0.00034904281752123987,0.672,681,0.7351832661337283,0.34290970795540837,0.14285551169645522,0.44691761244976363,0.186532220867958,87.5
B,25,3,32.912,0.863,0.861,0.002697514475099916,3.8024124711520697,0.23,2089,0.7352763156913988,0.3416204223908618,0.14280262961333784,0.4468387505726919,0.18691309002424109,179.9
B,26,5,1.219,0.777,0.623,2.085254046019695,1.0996572967485083,0.317,752,0.735407199674833,0.3419928572759586,0.14284933301900882,0.4469208992764356,0.18636180377997694,84.1
B,27,4,4.671,0.758,0.554,5.548483261366302,0.0006653330356353112,0.045,1186,0.7352551224267326,0.34060501656115044,0.1428361470575015,0.4469053299744476,0.18694681501214136,115.9
B,28,10,10.027,0.996,0.935,0.9872612193926231,2.8442152088511934,0.893,288,0.7319038162853643,0.33616251240339334,0.14359006091317275,0.44898608066141804,0.1845465946664822,64.0
B,29,3,5.333,0.886,0.797,0.031234238019004493,0.0002967107902873661,0.747,1607,0.7345012303234433,0.3399620619214661,0.1429892996437273,0.4473594360066377,0.18653241150045563,139.4
B,30,7,4.017,0.968,0.545,0.0030976456055871824,1.430748702142978,0.153,533,0.7341786123572736,0.3397618804708864,0.14303934867178975,0.4475371444812715,0.1859353275475851,75.9
B,31,8,23.944,0.937,0.518,0.017429891818596086,0.7709464113644713,0.972,453,0.7345456788441203,0.34005215248370674,0.14303441050629934,0.44739674326770024,0.18576846651300521,67.9
B,32,4,14.198,0.572,0.408,0.00829132845971217,0.00045615358133889244,0.678,1060,0.7349093880293861,0.3407425439883723,0.14293239880793512,0.4471369698598473,0.18699850736055376,107.3
B,33,10,14.624,0.847,0.749,0.006296549278860491,1.0486308516902787,0.715,240,0.7329107206080341,0.337468954248366,0.14337956677586897,0.44835685505210404,0.18544755124513107,53.7
B,34,3,50.168,0.566,0.474,5.131569367997017,0.009725030434488345,0.301,1510,0.7348584155567668,0.34088370159182707,0.14294368653405304,0.4471998689980567,0.18688439770928936,139.2
B,35,4,33.517,0.978,0.572,5.00303702908228,0.00013313659848188867,0.555,1330,0.7352855177281177,0.34083211279284814,0.14282971621318213,0.44687205364275173,0.18699692129149328,126.9
B,36,6,28.76,0.553,0.484,0.047474158701741286,6.778905202822458,0.596,617,0.7352106341919045,0.34060647585239845,0.14285441197959015,0.4468714504566427,0.18687523542338688,81.5
B,37,4,70.935,0.734,0.871,0.0011785476219968848,0.00035133384110443714,0.829,1249,0.7351691157836382,0.341365190837561,0.14286345162751846,0.4469392908812901,0.1872115279240796,124.7
B,38,10,68.155,0.616,0.718,0.26549924034388384,2.1811963831993455,0.603,287,0.7341726949487326,0.3392535346759279,0.14309552205735546,0.44754632819222817,0.1863826959514007,58.4
B,39,5,7.261,0.713,0.791,2.950954593302374,0.018598777990637735,0.248,730,0.7347698208554032,0.3394417133686451,0.1429368131126475,0.44721545602578505,0.1864520372702821,84.6
