approval_rate,approved,bad_rate_among_approved,model
0.1,16274,0.20350855633045561,M0
0.2,32549,0.20350855633045561,M0
0.3,48824,0.20350855633045561,M0
0.4,65098,0.20350855633045561,M0
0.5,81372,0.20350855633045561,M0
0.6,97647,0.20350855633045561,M0
0.7,113922,0.20350855633045561,M0
0.8,130196,0.20350855633045561,M0
0.9,146470,0.20350855633045561,M0
1.0,162745,0.20350855633045561,M0
0.1,16274,0.0355156840455928,M1-A
0.2,32549,0.05149159728409475,M1-A
0.3,48824,0.06556269009800608,M1-A
0.4,65098,0.08097022950013825,M1-A
0.5,81372,0.09608282896555961,M1-A
0.6,97647,0.11114524767786005,M1-A
0.7,113922,0.12833398436642776,M1-A
0.8,130196,0.14751605272051369,M1-A
0.9,146470,0.17079548441495046,M1-A
1.0,162745,0.20350855633045561,M1-A
0.1,16274,0.040646410027957845,M1-B
0.2,32549,0.05775907093919936,M1-B
0.3,48824,0.07060124735014901,M1-B
0.4,65098,0.08513318381517097,M1-B
0.5,81372,0.10027957848167378,M1-B
0.6,97647,0.11548741896832468,M1-B
0.7,113922,0.13150283309120755,M1-B
0.8,130196,0.1492749393222526,M1-B
0.9,146470,0.17152259328670277,M1-B
1.0,162745,0.20350855633045561,M1-B
