version,feature,weight,odds_ratio
A,acc_now_delinq,-0.0021356597811784464,0.9978666191175659
A,annual_inc,-0.12694682473005514,0.8807805070931543
A,avg_cur_bal,-0.015458924669989117,0.9846599511535359
A,bc_open_to_buy,-0.05640837908248576,0.9451530763203189
A,chargeoff_within_12_mths,-0.011355017233478351,0.9887092076532912
A,collections_12_mths_ex_med,0.005890344667155237,1.0059077268595797
A,delinq_2yrs,0.030358563720578408,1.0308240838147253
A,delinq_amnt,-0.0019887283337867976,0.9980132478761407
A,mo_sin_rcnt_rev_tl_op,0.02404263689679848,1.0243339913822416
A,mo_sin_rcnt_tl,-0.030960365396841005,0.9695139986171226
A,mths_since_recent_bc,-0.05478193350353473,0.9466915671593931
A,num_accts_ever_120_pd,0.009189271342781902,1.0092316223221673
A,num_tl_120dpd_2m,-0.0036358750520401953,0.9963707267381384
A,num_tl_30dpd,0.00624562845159572,1.0062651730572354
A,num_tl_90g_dpd_24m,0.007466584437635931,1.0074945288857822
A,pub_rec,0.004295850923775568,1.004305091318403
A,pub_rec_bankruptcies,-0.016103308027194993,0.9840256570547339
A,revol_bal,-0.01972563399540042,0.9804676433969015
A,tax_liens,-0.00019578031826969434,0.9998042388454462
A,tot_coll_amt,0.012244307343027425,1.012319575763695
A,tot_cur_bal,-0.004132442268409147,0.9958760845216089
A,tot_hi_cred_lim,-0.03638155304510882,0.9642723022502621
A,total_bal_ex_mort,-0.006469888376295468,0.9935509962867524
A,total_bc_limit,-0.041908240225175135,0.9589577702845326
A,total_il_high_credit_limit,-0.011509031372913583,0.9885569441811876
A,total_rev_hi_lim,-0.03228853468153258,0.96822717465228
A,loan_amnt,0.09645539097418872,1.1012604538920303
A,int_rate,0.07636028455738848,1.0793513777465118
A,installment,0.045805787292380794,1.046871075546306
A,dti,0.11634444218238517,1.1233827459062602
A,fico_range_low,-0.07278869773310527,0.9297972775426563
A,inq_last_6mths,0.02308873645735344,1.0233573446236661
A,mths_since_last_delinq,-0.008380612887638186,0.9916544065521419
A,mths_since_last_record,0.022439869349865648,1.0226935370882615
A,open_acc,0.0035992628080876005,1.00360574793269
A,revol_util,0.011984651773777891,1.0120567554708404
A,total_acc,-0.03715093712164085,0.9635306918236796
A,mths_since_last_major_derog,0.004761110656919263,1.0047724627533083
A,acc_open_past_24mths,0.10371590205109212,1.1092852644768323
A,bc_util,-0.027861060838412836,0.9725234790116386
A,mo_sin_old_il_acct,0.00179956337976008,1.001801183565669
A,mo_sin_old_rev_tl_op,-0.04677421328151723,0.9543028421743663
A,mort_acc,-0.038663926529724585,0.9620739823634626
A,mths_since_recent_bc_dlq,-0.005654144033522743,0.9943618105548434
A,mths_since_recent_inq,-0.02140323537632985,0.9788241884409716
A,mths_since_recent_revol_delinq,-0.0058680018046843585,0.9941491812913305
A,num_actv_bc_tl,0.013067878001611462,1.0131536358699764
A,num_actv_rev_tl,0.026691630507685256,1.0270510427178081
A,num_bc_sats,0.008628018735820728,1.008665347369623
A,num_bc_tl,0.013507926500925548,1.0135995707162997
A,num_il_tl,-0.015268002969868182,0.9848479620525602
A,num_op_rev_tl,0.0015096760247963904,1.0015108161593187
A,num_rev_accts,-0.02551990578359127,0.9748029745555561
A,num_rev_tl_bal_gt_0,0.03347087649768759,1.0340373284992226
A,num_sats,0.006441984475772072,1.006462778685777
A,num_tl_op_past_12m,0.03758303666136408,1.038298210319231
A,pct_tl_nvr_dlq,0.03716320211545929,1.0378623883545477
A,percent_bc_gt_75,0.027157833813398063,1.0275299689388782
A,credit_history_months,0.02580872630459246,1.026144655220946
A,term_months,0.2562192830880504,1.2920360185261663
A,emp_length_years,-0.011024729917455385,0.9890358196987529
A,missingindicator_mths_since_last_delinq,-0.00026847288211677206,0.9997315631535025
A,missingindicator_mths_since_last_record,0.0005143034986529772,1.0005144357753732
A,missingindicator_revol_util,-0.003986194431122386,0.9960217398958079
A,missingindicator_mths_since_last_major_derog,-0.015339500744341617,0.9847775501322565
A,missingindicator_tot_coll_amt,0.003907346388739451,1.0039149900188347
A,missingindicator_avg_cur_bal,0.004256173290128737,1.0042652436594557
A,missingindicator_bc_open_to_buy,-0.0009941361756433803,0.9990063578140133
A,missingindicator_bc_util,0.0083067300441227,1.0083413266546886
A,missingindicator_mo_sin_old_il_acct,-0.00016494026812523973,0.999835073333773
A,missingindicator_mo_sin_old_rev_tl_op,0.004510650779177895,1.0045208390772622
A,missingindicator_mths_since_recent_bc,-0.008418354064215225,0.9916169810543264
A,missingindicator_mths_since_recent_bc_dlq,-0.011902621076506345,0.988167934906587
A,missingindicator_mths_since_recent_inq,-0.031228610401645047,0.9692539662076627
A,missingindicator_mths_since_recent_revol_delinq,0.013555584763221596,1.0136478782616216
A,missingindicator_num_tl_120dpd_2m,0.0003794099541852823,1.0003794819392455
A,missingindicator_pct_tl_nvr_dlq,0.0005172776701768361,1.0005174114813424
A,missingindicator_percent_bc_gt_75,-0.012023733780425408,0.9880482624631374
A,missingindicator_emp_length_years,0.05746576938813281,1.059149014715372
A,grade_A,-0.09048500353287448,0.9134880328914892
A,grade_B,-0.04108171798632819,0.9597506978487806
A,grade_C,0.02629607526147103,1.0266448676273712
A,grade_D,0.05237379819990145,1.053769566070419
A,grade_E,0.0513571143145634,1.052698759961629
A,grade_F,0.03033719253246325,1.0308020541147178
A,grade_G,0.01781940611810881,1.0179791189877503
A,sub_grade_A1,-0.059147185787393884,0.9425680263297365
A,sub_grade_A2,-0.04177068919988698,0.9590896849813362
A,sub_grade_A3,-0.051798715977698605,0.9495199708081368
A,sub_grade_A4,-0.03126813440472668,0.969215658167964
A,sub_grade_A5,-0.017375329464602875,0.9827747510822753
A,sub_grade_B1,-0.03396276299319566,0.9666074975373314
A,sub_grade_B2,-0.02954154280541887,0.9708905432864762
A,sub_grade_B3,-0.018645336040751432,0.9815274129170187
A,sub_grade_B4,-0.007400673369490508,0.9926266441827033
A,sub_grade_B5,0.009557093950854257,1.0096029088092349
A,sub_grade_C1,-0.012055335442553484,0.9880170389891402
A,sub_grade_C2,0.000915477981052074,1.0009158971589251
A,sub_grade_C3,0.015833106248040744,1.0159591140279094
A,sub_grade_C4,0.022248399241321087,1.022497740590894
A,sub_grade_C5,0.025917467511888562,1.0262562454967357
A,sub_grade_D1,0.01673120520459492,1.0168719556978383
A,sub_grade_D2,0.02416548205259822,1.0244598335803978
A,sub_grade_D3,0.017090686661817043,1.0172375680217691
A,sub_grade_D4,0.02844549600241463,1.0288539326540342
A,sub_grade_D5,0.023920904912156205,1.024209304761863
A,sub_grade_E1,0.02157154990304901,1.0218058978348585
A,sub_grade_E2,0.025512604181071104,1.0258408360726075
A,sub_grade_E3,0.02153889005181032,1.0217725263511974
A,sub_grade_E4,0.020319293599492003,1.0205271357943033
A,sub_grade_E5,0.022635841890169647,1.0228939765783538
A,sub_grade_F1,0.011164149282676386,1.0112267009593054
A,sub_grade_F2,0.016272242216077946,1.016405356190255
A,sub_grade_F3,0.015145676266778861,1.0152609532690027
A,sub_grade_F4,0.014694890090870405,1.0148033908054943
A,sub_grade_F5,0.010260319624271673,1.0103131371908136
A,sub_grade_G1,0.014267995537894857,1.0143702692208185
A,sub_grade_G2,0.004121736048141047,1.004130242084697
A,sub_grade_infrequent_sklearn,0.011592193073503279,1.0116596429222187
A,home_ownership_MORTGAGE,-0.031536744237844326,0.968955352273695
A,home_ownership_OWN,-0.011818388362635764,0.9882511744792025
A,home_ownership_RENT,0.039220210089795746,1.0399994768141065
A,home_ownership_infrequent_sklearn,0.00020522371383853904,1.0002052447736656
A,verification_status_Not Verified,-0.020677339132993324,0.9795349711883001
A,verification_status_Source Verified,0.03436434965060371,1.0349616259473389
A,verification_status_Verified,-0.013823369292697316,0.9862717347528164
A,purpose_car,-0.009555223557694208,0.9904902825352895
A,purpose_credit_card,-0.016296248395964937,0.9838358170960675
A,purpose_debt_consolidation,0.004391694421178983,1.0044013520437236
A,purpose_home_improvement,0.006361757767675776,1.0063820367290954
A,purpose_house,-0.002404899022216364,0.9975979904306922
A,purpose_major_purchase,0.002908628809374417,1.0029128629743593
A,purpose_medical,0.00793347979157703,1.007965033230039
A,purpose_moving,0.006622167488180112,1.0066441425199675
A,purpose_other,-0.0014552124653555252,0.9985458458428874
A,purpose_small_business,0.03701361952342691,1.0377071538188063
A,purpose_vacation,-0.0037990695853116286,0.9962081377496009
A,purpose_wedding,-0.009191209611551999,0.9908509004426425
A,purpose_infrequent_sklearn,-0.001994902362966451,0.9980070861322481
A,addr_state_AK,-0.0050467091174475065,0.9949660041233431
A,addr_state_AL,0.011036238612653735,1.011097362546499
A,addr_state_AR,0.00895465123078585,1.008994864061119
A,addr_state_AZ,0.0028303013077013825,1.0028343103918607
A,addr_state_CA,-0.006319143560735036,0.9937007802377309
A,addr_state_CO,-0.024265130897245725,0.9760269005623862
A,addr_state_CT,-0.0061848586250722575,0.993834228242901
A,addr_state_DC,-0.011614581817291384,0.9884526070629479
A,addr_state_DE,0.00323486647545174,1.0032401043023762
A,addr_state_FL,0.01048183904278329,1.0105369659597727
A,addr_state_GA,-0.010710748143760655,0.9893464076766
A,addr_state_HI,-0.0029199126404580644,0.9970843461583406
A,addr_state_IL,-0.009222790197372164,0.9908196092848451
A,addr_state_IN,0.0045818980096751566,1.004592410954642
A,addr_state_KS,-0.013127362498228835,0.986958425524397
A,addr_state_KY,0.0027583904657103456,1.0027621983250736
A,addr_state_LA,0.008493975572115398,1.0085301517365692
A,addr_state_MA,0.00773371216564961,1.0077636945594766
A,addr_state_MD,0.0077913693266834895,1.0078218010282087
A,addr_state_MI,0.0023766177373943076,1.0023794441319722
A,addr_state_MN,0.004494333204752003,1.004504447867441
A,addr_state_MO,0.009724391579941984,1.0097718271116205
A,addr_state_MS,0.008721344886937784,1.0087594866170166
A,addr_state_MT,-0.007126837790152561,0.99289849789479
A,addr_state_NC,0.00038483160842727555,1.0003849056656102
A,addr_state_NH,-0.016674575950300162,0.9834636752977051
A,addr_state_NJ,0.013621747136350656,1.013714945829415
A,addr_state_NM,0.00689950028024373,1.0069233566664568
A,addr_state_NV,0.009220566403501355,1.0092632067812841
A,addr_state_NY,0.018746168940441114,1.0189229814899208
A,addr_state_OH,0.0016451639928199958,1.0016465180175307
A,addr_state_OK,0.00981634833176627,1.009864686718394
A,addr_state_OR,-0.016035754399026093,0.9840921338034267
A,addr_state_PA,0.006429625004084879,1.006450339414431
A,addr_state_RI,-0.0011530241994190836,0.9988476402775726
A,addr_state_SC,-0.017779139944462136,0.9823779764547153
A,addr_state_SD,0.0006194090358054667,1.0006196009091963
A,addr_state_TN,0.010008184710464147,1.0100584340861714
A,addr_state_TX,-0.01141724076055831,0.9886476885931208
A,addr_state_UT,-0.0035831903589511626,0.9964232216069054
A,addr_state_VA,0.010028630380347741,1.0100790856185944
A,addr_state_VT,-0.008820331840793593,0.9912184531701076
A,addr_state_WA,-0.020715936826173682,0.9794971641276602
A,addr_state_WI,-0.004102096421912704,0.9959063056829403
A,addr_state_WV,-0.015287696921662665,0.9848285666952569
A,addr_state_WY,-0.008484372518622982,0.9915515181947748
A,addr_state_infrequent_sklearn,0.004504918265856128,1.0045150806646752
A,zip_code,0.04910531613809497,1.050330961715975
A,emp_title,0.05239436219394504,1.0537912360043082
A,title,0.025965045070198454,1.0263050734246444
B,acc_now_delinq,-0.0023933844251660835,0.9976094774357042
B,annual_inc,-0.1982553824640796,0.820160371813347
B,avg_cur_bal,0.008968330592049092,1.0090086665607818
B,bc_open_to_buy,-0.11820994314993523,0.8885094965497656
B,chargeoff_within_12_mths,-0.012307628468351291,0.9877678006227066
B,collections_12_mths_ex_med,0.010376426606889385,1.010430448410866
B,delinq_2yrs,0.060071724044461386,1.0619127084883233
B,delinq_amnt,-0.001638007177526858,0.9983633336240492
B,mo_sin_rcnt_rev_tl_op,0.057680109206987594,1.0593760568545427
B,mo_sin_rcnt_tl,-0.05525192727562015,0.946246732561676
B,mths_since_recent_bc,-0.09297389898719635,0.9112172836797422
B,num_accts_ever_120_pd,0.010646270855011224,1.0107031440465164
B,num_tl_120dpd_2m,-0.002234038425085993,0.9977684551814731
B,num_tl_30dpd,0.01334996660251032,1.0134394752757383
B,num_tl_90g_dpd_24m,0.0022538925185496355,1.0022564344436755
B,pub_rec,0.033474327871886866,1.034040897355138
B,pub_rec_bankruptcies,-0.038580771372649376,0.9621539871029413
B,revol_bal,-0.04690068314597494,0.9541821592548021
B,tax_liens,-0.0045827929281050785,0.9954276920444716
B,tot_coll_amt,0.007655069937119168,1.0076844448929303
B,tot_cur_bal,0.03901037046260297,1.0397812666069863
B,tot_hi_cred_lim,-0.11981302015001784,0.8870862884723459
B,total_bal_ex_mort,-0.005989323796796263,0.9940285764483576
B,total_bc_limit,-0.08185151337282355,0.9214087654189408
B,total_il_high_credit_limit,-0.0324780675894328,0.96804368112994
B,total_rev_hi_lim,-0.022171201926471897,0.9780727727737583
B,loan_amnt,0.24846867829262131,1.2820606654114175
B,dti,0.16346468050159055,1.1775837627850785
B,fico_range_low,-0.18878980942054888,0.8279605179073558
B,inq_last_6mths,0.06800285270145831,1.070368361915806
B,mths_since_last_delinq,-0.014634796395428947,0.9854717717363084
B,mths_since_last_record,0.02602407248218933,1.026365655345021
B,open_acc,0.000412672398741351,1.0004127575597097
B,revol_util,0.05001586575929558,1.0512877757225085
B,total_acc,-0.08087251049871502,0.9223112689532083
B,mths_since_last_major_derog,0.004947335792680651,1.00495959406533
B,acc_open_past_24mths,0.14300366780785062,1.1537340333329948
B,bc_util,-0.08360616700175827,0.919793429776682
B,mo_sin_old_il_acct,-0.014462859233718194,0.985641225522971
B,mo_sin_old_rev_tl_op,-0.12750125080096247,0.8802923147630579
B,mort_acc,-0.03438858021590717,0.966195987037625
B,mths_since_recent_bc_dlq,-0.010338793060940085,0.9897144685484182
B,mths_since_recent_inq,-0.04384813402387173,0.9570992972557127
B,mths_since_recent_revol_delinq,6.325409898913811e-05,1.000063256099572
B,num_actv_bc_tl,0.003514080948384768,1.0035202625696256
B,num_actv_rev_tl,0.01346828101373086,1.0135593868640578
B,num_bc_sats,0.011780265183019474,1.0118499257782636
B,num_bc_tl,0.053187326147121426,1.0546271858638823
B,num_il_tl,-0.02448202068249355,0.9758152332525956
B,num_op_rev_tl,0.017748245597167814,1.0179066816407063
B,num_rev_accts,-0.06216005771821014,0.9397324633193843
B,num_rev_tl_bal_gt_0,0.06813710858563217,1.070512074813562
B,num_sats,0.01644787287000432,1.0165838838046188
B,num_tl_op_past_12m,0.068025100680683,1.0703921757137882
B,pct_tl_nvr_dlq,0.05984808754254321,1.0616752525977466
B,percent_bc_gt_75,0.07905123568436034,1.0822597709698427
B,credit_history_months,0.10890511991152524,1.1150565486582995
B,term_months,0.40420493614888814,1.4981109325859696
B,emp_length_years,-0.013446320147415427,0.986643677783415
B,missingindicator_mths_since_last_delinq,-0.0066230222720606476,0.9933988616008355
B,missingindicator_mths_since_last_record,0.007041334819088739,1.0070661833050376
B,missingindicator_revol_util,-0.005112320183443479,0.9949007254847069
B,missingindicator_mths_since_last_major_derog,-0.021055842027729057,0.9791642845236238
B,missingindicator_tot_coll_amt,0.002517159394210108,1.0025203300997503
B,missingindicator_avg_cur_bal,0.004534851425730007,1.004545149425205
B,missingindicator_bc_open_to_buy,0.01848985850875204,1.0186618543669097
B,missingindicator_bc_util,0.04382018051045893,1.0447944635885735
B,missingindicator_mo_sin_old_il_acct,0.014386630888404868,1.014490616531836
B,missingindicator_mo_sin_old_rev_tl_op,0.006959419853927057,1.0069836928923623
B,missingindicator_mths_since_recent_bc,-0.01936803524306691,0.9808183200999224
B,missingindicator_mths_since_recent_bc_dlq,-0.023719682983296766,0.9765594176162116
B,missingindicator_mths_since_recent_inq,-0.0441376040467743,0.9568222857954073
B,missingindicator_mths_since_recent_revol_delinq,0.024083413886857717,1.0243757614908493
B,missingindicator_num_tl_120dpd_2m,0.006483092478674124,1.0065041532110102
B,missingindicator_pct_tl_nvr_dlq,-0.012094932661225317,0.9879779170369611
B,missingindicator_percent_bc_gt_75,-0.07016320060011019,0.9322416650912168
B,missingindicator_emp_length_years,0.06440992265885834,1.0665295037756983
B,home_ownership_MORTGAGE,-0.040200610372799414,0.9605967141567161
B,home_ownership_OWN,-0.012899487016466189,0.9871833547780507
B,home_ownership_RENT,0.048686324406283565,1.0498909739094138
B,home_ownership_infrequent_sklearn,0.001272526029351686,1.001273336034147
B,verification_status_Not Verified,-0.014650645128987557,0.9854561533805345
B,verification_status_Source Verified,0.030389600329158564,1.0308560775948163
B,verification_status_Verified,-0.01568950133654144,0.9844329377173178
B,purpose_car,-0.007506618792507989,0.9925214855036257
B,purpose_credit_card,-0.060875828989374284,0.9409400700018263
B,purpose_debt_consolidation,-0.003157513879562716,0.9968474658248464
B,purpose_home_improvement,0.01791840731727027,1.0180799051301437
B,purpose_house,0.007412616693500968,1.0074401581459762
B,purpose_major_purchase,0.01080969512139843,1.0108683309637752
B,purpose_medical,0.03129925849668884,1.031794230880056
B,purpose_moving,0.02850780620910178,1.0289180427525648
B,purpose_other,0.04192388566808218,1.0428151025551238
B,purpose_small_business,0.07196559112213936,1.0746183670155105
B,purpose_vacation,0.012601138738254183,1.0126808676266361
B,purpose_wedding,0.0013262833076392784,1.0013271632103025
B,purpose_infrequent_sklearn,0.003060285916682131,1.0030649733720596
B,addr_state_AK,-0.0051354295000178,0.9948777342745382
B,addr_state_AL,0.01211102539256737,1.0121846608272107
B,addr_state_AR,0.009781633678338286,1.009829630224276
B,addr_state_AZ,0.0021155291466738923,1.0021177684572897
B,addr_state_CA,-0.002794384546771228,0.9972095161115674
B,addr_state_CO,-0.03180202891911546,0.9686983373544689
B,addr_state_CT,-0.006045740691890437,0.9939724980243396
B,addr_state_DC,-0.013027553539276962,0.9870569377334961
B,addr_state_DE,0.0035991917070166877,1.0036056765752492
B,addr_state_FL,0.0110351056349163,1.0110962169963456
B,addr_state_GA,-0.012754710022845474,0.9873262865626753
B,addr_state_HI,-0.004732499182963113,0.9952786814469011
B,addr_state_IL,-0.009022325787381451,0.9910182532630863
B,addr_state_IN,0.0034102575776212693,1.0034160791217681
B,addr_state_KS,-0.016254110242524513,0.9838772749941619
B,addr_state_KY,0.0020725517694855887,1.0020747009894375
B,addr_state_LA,0.009611345065393524,1.00965768237803
B,addr_state_MA,0.008542250117774682,1.0085788392466022
B,addr_state_MD,0.0103391483494363,1.0103927820265446
B,addr_state_MI,0.002300125601063477,1.0023027729192862
B,addr_state_MN,0.005367018649709646,1.0053814468949747
B,addr_state_MO,0.010213602012316107,1.0102659388762216
B,addr_state_MS,0.008129781844229154,1.0081629182570466
B,addr_state_MT,-0.00973573668490462,0.990311502173504
B,addr_state_NC,-0.0006313148943459159,0.9993688843429727
B,addr_state_NH,-0.02081233549129913,0.9794027464594858
B,addr_state_NJ,0.01889403633352928,1.0190736581147566
B,addr_state_NM,0.007856642201879972,1.0078875866018309
B,addr_state_NV,0.010650317068039311,1.010707233575019
B,addr_state_NY,0.026081792840070086,1.0264248992477374
B,addr_state_OH,0.0004249406292017527,1.0004250309292613
B,addr_state_OK,0.010199529751704468,1.0102517222506728
B,addr_state_OR,-0.01973358947338737,0.9804598433391742
B,addr_state_PA,0.0060499545187223695,1.0060682924561386
B,addr_state_RI,-0.001381563056464905,0.9986193908624243
B,addr_state_SC,-0.022131828923812852,0.9781112831937718
B,addr_state_SD,5.892810958008245e-05,1.0000589298458753
B,addr_state_TN,0.011036622956809254,1.0110977511559356
B,addr_state_TX,-0.013015330913955856,0.9870690022343465
B,addr_state_UT,-0.0045348565278809806,0.9954754104084257
B,addr_state_VA,0.011142024724457236,1.0112043282627812
B,addr_state_VT,-0.011447722328555362,0.9886175535206603
B,addr_state_WA,-0.025691249705124104,0.97463596229985
B,addr_state_WI,-0.005452927908106417,0.9945619123168007
B,addr_state_WV,-0.01978695669369674,0.9804075203188897
B,addr_state_WY,-0.01078142903760982,0.9892764822594036
B,addr_state_infrequent_sklearn,0.005898842712404961,1.0059162751452815
B,zip_code,0.04933224102119412,1.0505693349920688
B,emp_title,0.05867420317332767,1.0604296998240368
B,title,0.028867734795492074,1.0292884464246403
