version,prep,C,class_weight,val_roc_auc,val_ks,val_brier,val_log_loss,val_mean_pd,n_iter,seconds
A,scale,0.0001,None,0.7329341152711976,0.33968871792004995,0.14457314192536175,0.45124643784198376,0.17665503218436915,15,3.9
A,scale,0.0001,balanced,0.7332469991940705,0.34053371976017777,0.21344715695196054,0.6139400704702961,0.46142621425022073,19,3.9
A,scale,0.001,None,0.7334169128711119,0.3407421561639624,0.14375217175483684,0.44929524513709024,0.18254224307444233,30,4.2
A,scale,0.001,balanced,0.7334646578992728,0.34032306006270413,0.2187977712987456,0.625511868838411,0.46963984471092474,41,5.9
A,scale,0.01,None,0.7332331071606594,0.3395309467574153,0.1434874028131419,0.44863729390039214,0.18760651603132955,38,5.6
A,scale,0.01,balanced,0.7333088899137702,0.3397361990412701,0.22328491096011607,0.6353979213372419,0.477082385688,53,6.0
A,scale,0.1,None,0.7331998092323174,0.33900688068052115,0.14339810453405874,0.44841288638495025,0.18982094860370677,54,6.0
A,scale,0.1,balanced,0.7332908797208596,0.33970121681364396,0.2234490164677996,0.6357637496436438,0.47732677702294796,63,6.7
A,scale,1.0,None,0.7332003738487555,0.3391431107011586,0.14340635687494865,0.44842728640838564,0.189650263690587,52,6.4
A,scale,1.0,balanced,0.7332918316958525,0.3395541090753241,0.22329632008457734,0.6354136675101001,0.4770711022586781,70,7.4
A,log+scale,0.0001,None,0.7334971247420328,0.3420537655071532,0.14445830645494637,0.4506311562385864,0.17734610555239677,15,4.2
A,log+scale,0.0001,balanced,0.7334985963784422,0.3421513947703101,0.21367900862178815,0.6143755880879884,0.4617602957645891,20,4.1
A,log+scale,0.001,None,0.7336790977783367,0.34145776790164867,0.14370543226989335,0.44880792804223774,0.1830845844083922,29,4.8
A,log+scale,0.001,balanced,0.7334884516838334,0.3410257431554233,0.21881434672507274,0.6255635192083583,0.4694073266371626,38,6.2
A,log+scale,0.01,None,0.7337064579169753,0.34088089830847995,0.143417768398097,0.44804534058254314,0.18824326397321464,50,6.0
A,log+scale,0.01,balanced,0.7334865065056672,0.3402883643359934,0.2227305069813214,0.6342477941538156,0.47600351334205065,57,6.6
A,log+scale,0.1,None,0.7336826506226155,0.34085097060919883,0.1433713678106865,0.4479283602990683,0.1893205307513529,51,7.1
A,log+scale,0.1,balanced,0.7335645973381038,0.34070027695088484,0.22276806800703736,0.6343466698576213,0.47608819634698735,69,7.2
A,log+scale,1.0,None,0.7336884197727558,0.3408218418514947,0.14335955609629938,0.44789817803569565,0.18960088397363573,53,5.5
A,log+scale,1.0,balanced,0.7334994286286622,0.3403991411960365,0.2234433670343869,0.6358241727546345,0.47719500538893356,59,6.1
B,scale,0.0001,None,0.7213875521175446,0.3205743027313087,0.14599217549412935,0.45633607654849756,0.1821648615486728,15,2.8
B,scale,0.0001,balanced,0.7219795338187543,0.32093783395990844,0.22141540928937897,0.6328903312463471,0.4752727234624128,17,3.0
B,scale,0.001,None,0.722901724129899,0.32202073521259306,0.14514222630308424,0.45435827632348474,0.18338059282580785,29,3.4
B,scale,0.001,balanced,0.7230572917976884,0.3224014087459645,0.22101287886539556,0.6322121797044467,0.4730708278267766,34,3.9
B,scale,0.01,None,0.7230431542586149,0.322484969183682,0.14504089341990156,0.454173520935847,0.18348768671063725,37,4.3
B,scale,0.01,balanced,0.7231647233519208,0.3224366565110245,0.2209438991994483,0.6320845273287656,0.4726425917904526,52,5.0
B,scale,0.1,None,0.72308673756982,0.32239433590019523,0.1450168177279823,0.4541245430462182,0.18342746639907503,51,5.1
B,scale,0.1,balanced,0.7231607945625388,0.3226192798811137,0.22097220854582122,0.6321528334529628,0.47265783053308263,54,5.0
B,scale,1.0,None,0.7230378942881501,0.3224075533753535,0.1450337265386732,0.45416592562221675,0.18346176319612167,36,4.4
B,scale,1.0,balanced,0.7231594890034893,0.32266250774484184,0.22097754487135818,0.632164079186804,0.47266049530219467,54,4.8
B,log+scale,0.0001,None,0.7241190760694869,0.32633296064921574,0.14562003768834236,0.4547725261455406,0.18241655470549353,15,3.1
B,log+scale,0.0001,balanced,0.7244043631993068,0.32703380594337994,0.220453137098672,0.6308049071651622,0.47405156116211683,18,3.8
B,log+scale,0.001,None,0.7251839070339469,0.32622536790910234,0.14485502173683226,0.45290557444356117,0.18373242621013616,29,4.1
B,log+scale,0.001,balanced,0.7251050463758799,0.3265543350150705,0.2202685145577971,0.6305926494782801,0.47188154113603387,36,4.5
B,log+scale,0.01,None,0.7253423084985955,0.3267184394784286,0.1447705409191812,0.4527255803519414,0.1838370935796975,41,3.5
B,log+scale,0.01,balanced,0.7252415710498977,0.3264473863196977,0.22021108746952556,0.630499002124654,0.4714923862667959,53,4.3
B,log+scale,0.1,None,0.7254182657144588,0.3263754012177454,0.14474913294528563,0.4526723355751802,0.1838156266423513,51,4.2
B,log+scale,0.1,balanced,0.7252605490568763,0.326645163957719,0.22014513198664395,0.6303521343616367,0.4713394877200913,55,4.3
B,log+scale,1.0,None,0.7254165147978886,0.326588751228693,0.14474987305356452,0.45267598324722524,0.18378537799338057,52,4.3
B,log+scale,1.0,balanced,0.7252616060822048,0.3266334616764263,0.22013856630293138,0.6303371591743863,0.47132350723653116,55,4.4
