version,feature,mdi_importance,permutation_auc_drop
A,int_rate,0.15460192127973504,0.02531502022382696
A,term_months,0.09466458313271682,0.03104964349818447
A,dti,0.0352384478965838,0.004918360257078406
A,annual_inc,0.033030979951503024,0.0021654641967957153
A,grade_A,0.030660589000844073,0.0032839731341555898
A,emp_title,0.026216945940943894,0.0026198230725329084
A,zip_code,0.02583408171249068,0.0017550321761500287
A,avg_cur_bal,0.025479729813599042,0.0006928521799549614
A,installment,0.023879179344203513,0.0013899073177995696
A,tot_hi_cred_lim,0.020707772793471742,0.0006753993068480494
A,loan_amnt,0.019853681036109596,0.0012610889848384914
A,acc_open_past_24mths,0.019377949938440303,0.0035487956690406497
A,fico_range_low,0.018967371965075502,0.001228866307683522
A,mo_sin_old_rev_tl_op,0.018694416859044324,0.00033392061010624935
A,grade_B,0.018390097467710285,-0.0005058179690148693
A,bc_open_to_buy,0.01742253181727993,0.000255382681125349
A,total_bc_limit,0.017049042887646963,0.00035503879335311667
A,tot_cur_bal,0.01700261498682291,-1.6827340628725967e-05
A,grade_C,0.01652368391620986,-2.400287021168494e-05
A,revol_bal,0.01584410794977705,0.00020071321041892354
A,mo_sin_old_il_acct,0.015813020095386765,
A,mths_since_recent_bc,0.015790241037804045,
A,grade_E,0.015785666445206868,
A,revol_util,0.015550398284607376,
A,bc_util,0.015457806691346762,
A,credit_history_months,0.014910647451427785,
A,total_il_high_credit_limit,0.014795520422649009,
A,total_rev_hi_lim,0.014513418053340991,
A,total_bal_ex_mort,0.014471341078928581,
A,title,0.013291027641140025,
A,grade_D,0.010194642616262984,
A,total_acc,0.009814211865699992,
A,mo_sin_rcnt_rev_tl_op,0.009540415003641878,
A,mo_sin_rcnt_tl,0.00905913698783005,
A,mths_since_recent_inq,0.008898873465641142,
A,pct_tl_nvr_dlq,0.007931503776324922,
A,num_il_tl,0.007880219990832438,
A,emp_length_years,0.007872014463961633,
A,num_rev_accts,0.007857535577059586,
A,percent_bc_gt_75,0.007586262206794591,
A,mort_acc,0.0069367642228276355,
A,num_bc_tl,0.0067452336960048586,
A,num_tl_op_past_12m,0.006745077055841378,
A,grade_F,0.005820094986275642,
A,num_rev_tl_bal_gt_0,0.005771321986365177,
A,num_actv_rev_tl,0.005520101649081927,
A,num_op_rev_tl,0.005498857833057972,
A,num_sats,0.005351212188380902,
A,open_acc,0.00515679321879821,
A,mths_since_last_delinq,0.005077422783711803,
A,num_actv_bc_tl,0.0043328791555788445,
A,num_bc_sats,0.004308385258193653,
A,inq_last_6mths,0.0030924374493490397,
A,home_ownership_RENT,0.002970278059176903,
A,mths_since_recent_revol_delinq,0.002786291597741415,
A,mths_since_last_major_derog,0.00249664879831567,
A,verification_status_Not Verified,0.002389606012420963,
A,verification_status_Source Verified,0.0021185675083305175,
A,mths_since_recent_bc_dlq,0.0020727262500802577,
A,verification_status_Verified,0.0019215122214636241,
A,home_ownership_MORTGAGE,0.001878078505436935,
A,tot_coll_amt,0.0016652773083062334,
A,purpose_debt_consolidation,0.0014551726277056182,
A,mths_since_last_record,0.0014148546430741663,
A,missingindicator_emp_length_years,0.0012244501765025706,
A,missingindicator_mths_since_last_delinq,0.0011500170531587469,
A,num_accts_ever_120_pd,0.0009553758534403456,
A,missingindicator_mths_since_recent_revol_delinq,0.0008493426198273776,
A,sub_grade_C1,0.0008443957047372084,
A,missingindicator_mths_since_last_major_derog,0.0007500838404507403,
A,purpose_credit_card,0.0006525108575127091,
A,addr_state_CA,0.0006422339015858431,
A,sub_grade_C3,0.0006381605330195616,
A,missingindicator_mths_since_recent_bc_dlq,0.0006114343767432869,
A,sub_grade_B5,0.0006011853049708313,
A,grade_G,0.000600070144313289,
A,delinq_2yrs,0.0005892883515539244,
A,sub_grade_C2,0.000577042835438598,
A,sub_grade_C5,0.0005326782584291182,
A,addr_state_NY,0.00048316839153404034,
A,sub_grade_C4,0.00047716197039028026,
A,sub_grade_D1,0.00047582547498095824,
A,pub_rec,0.00040368835346806724,
A,sub_grade_A5,0.00038968807999039133,
A,sub_grade_B1,0.00037823347403221876,
A,sub_grade_B2,0.0003723273360646522,
A,missingindicator_mths_since_last_record,0.000360964123622143,
A,pub_rec_bankruptcies,0.0003321759171110349,
A,sub_grade_B4,0.0003175356237132498,
A,sub_grade_D5,0.00031447322129114866,
A,addr_state_FL,0.00031281883829330286,
A,home_ownership_OWN,0.0003001443314702711,
A,sub_grade_D4,0.00028857819199108986,
A,missingindicator_mths_since_recent_inq,0.00024855809350191266,
A,sub_grade_D2,0.00023018095209155828,
A,sub_grade_B3,0.00022695053105627669,
A,addr_state_TX,0.0002170898030727714,
A,sub_grade_A1,0.00017428515481695625,
A,sub_grade_D3,0.00016632858770110933,
A,sub_grade_A4,0.00013425923983342714,
A,sub_grade_E1,0.00013356267702114611,
A,purpose_other,0.0001309861211314254,
A,addr_state_NJ,0.00012989356034091149,
A,sub_grade_E3,0.00011703009547556324,
A,sub_grade_E2,0.00011289243207509982,
A,purpose_small_business,0.00011042648080444219,
A,num_tl_90g_dpd_24m,0.00010746017675998658,
A,purpose_home_improvement,0.00010303488793693445,
A,missingindicator_mo_sin_old_il_acct,0.00010278562634415602,
A,sub_grade_E5,8.800196284177858e-05,
A,addr_state_PA,7.656209677374039e-05,
A,addr_state_VA,6.803555102434815e-05,
A,sub_grade_E4,6.700630938072053e-05,
A,missingindicator_num_tl_120dpd_2m,5.616473019534412e-05,
A,addr_state_IL,4.536988142407902e-05,
A,sub_grade_G1,4.4566670457956e-05,
A,sub_grade_F4,4.3045967945768316e-05,
A,sub_grade_F1,3.9845691661238065e-05,
A,addr_state_MD,3.891791104996412e-05,
A,addr_state_NC,3.860146854064722e-05,
A,sub_grade_A3,3.756751051150304e-05,
A,addr_state_OH,3.718273690623637e-05,
A,addr_state_MI,3.207843274435274e-05,
A,addr_state_NV,2.888338768324539e-05,
A,addr_state_TN,2.5328204715165293e-05,
A,sub_grade_F2,2.4820494351900865e-05,
A,addr_state_CO,2.3831653671626927e-05,
A,missingindicator_avg_cur_bal,2.366453909380501e-05,
A,addr_state_MA,2.3352305660289566e-05,
A,sub_grade_A2,2.3312327978069314e-05,
A,addr_state_GA,2.258259263462427e-05,
A,addr_state_AL,2.1329493452222583e-05,
A,sub_grade_F3,1.8985270551973313e-05,
A,addr_state_MO,1.811650861253112e-05,
A,addr_state_AZ,1.6542602744737146e-05,
A,tax_liens,1.5236344168099874e-05,
A,addr_state_WA,1.522048141431191e-05,
A,missingindicator_tot_coll_amt,1.4604069324528652e-05,
A,sub_grade_infrequent_sklearn,1.3202127568042569e-05,
A,addr_state_MN,1.1906509315439606e-05,
A,sub_grade_F5,1.0773835182041515e-05,
A,missingindicator_pct_tl_nvr_dlq,9.961509949630884e-06,
A,addr_state_IN,9.598247775622507e-06,
A,missingindicator_mo_sin_old_rev_tl_op,9.459737134081238e-06,
A,missingindicator_bc_util,6.099498192061048e-06,
A,addr_state_OR,5.553998329220569e-06,
A,addr_state_LA,4.789429483290753e-06,
A,sub_grade_G2,4.674643024156471e-06,
A,addr_state_CT,4.653665990083353e-06,
A,addr_state_SC,4.278811811021228e-06,
A,purpose_medical,4.136180358411727e-06,
A,missingindicator_bc_open_to_buy,4.022385814596458e-06,
A,addr_state_OK,3.906989354966354e-06,
A,addr_state_AR,3.7800727162723988e-06,
A,purpose_major_purchase,3.2544604581991695e-06,
A,addr_state_WI,2.4151528934214653e-06,
A,missingindicator_mths_since_recent_bc,1.040550663238304e-06,
A,addr_state_UT,8.962093315613518e-07,
A,collections_12_mths_ex_med,7.040290708388208e-07,
A,missingindicator_percent_bc_gt_75,6.658340806440674e-07,
A,purpose_moving,6.589810735743436e-07,
A,chargeoff_within_12_mths,5.028293331260795e-07,
A,purpose_car,3.0169236592727995e-07,
A,acc_now_delinq,0.0,
A,delinq_amnt,0.0,
A,num_tl_30dpd,0.0,
A,num_tl_120dpd_2m,0.0,
A,home_ownership_infrequent_sklearn,0.0,
A,missingindicator_revol_util,0.0,
A,purpose_vacation,0.0,
A,purpose_house,0.0,
A,purpose_infrequent_sklearn,0.0,
A,addr_state_AK,0.0,
A,addr_state_KS,0.0,
A,addr_state_KY,0.0,
A,addr_state_HI,0.0,
A,addr_state_DE,0.0,
A,addr_state_DC,0.0,
A,purpose_wedding,0.0,
A,addr_state_MT,0.0,
A,addr_state_NH,0.0,
A,addr_state_NM,0.0,
A,addr_state_MS,0.0,
A,addr_state_RI,0.0,
A,addr_state_SD,0.0,
A,addr_state_VT,0.0,
A,addr_state_WV,0.0,
A,addr_state_WY,0.0,
A,addr_state_infrequent_sklearn,0.0,
B,term_months,0.10228999269520642,0.07165015984681182
B,dti,0.0390795965226142,0.006728185976492458
B,loan_amnt,0.03548920454287823,0.00944883868086055
B,fico_range_low,0.032337052520998395,0.004398444543702529
B,annual_inc,0.03163128381345719,0.00465599332489645
B,bc_open_to_buy,0.030578784575901692,0.0016282920585291756
B,avg_cur_bal,0.02681087365745169,0.0005858034111681695
B,tot_hi_cred_lim,0.02667772096501396,0.00021174015897836482
B,zip_code,0.025962818494277333,0.001959390017949166
B,total_bc_limit,0.025528213035376394,0.0012565810152444696
B,bc_util,0.02525968217749059,0.000826695451500011
B,tot_cur_bal,0.02432650997712331,0.00028073484040140134
B,emp_title,0.024280565128004136,0.0032791498134776553
B,revol_util,0.023805012266549637,0.00034556792145390425
B,mo_sin_old_rev_tl_op,0.023758890734081405,0.00139020715981375
B,acc_open_past_24mths,0.023363592045252353,0.006348110374947387
B,total_rev_hi_lim,0.022956762505222512,0.0010643822840930757
B,revol_bal,0.02198976122400271,0.00034891788050990985
B,mo_sin_old_il_acct,0.02091365252523402,0.00044103658486153535
B,credit_history_months,0.020781848381313205,0.0006967811442798825
B,total_bal_ex_mort,0.020607040772346236,
B,total_il_high_credit_limit,0.019832403817816296,
B,mths_since_recent_bc,0.01970495450822161,
B,title,0.01817111822169031,
B,total_acc,0.015333842085934479,
B,mo_sin_rcnt_tl,0.015237479068829185,
B,mths_since_recent_inq,0.015213315263213066,
B,mo_sin_rcnt_rev_tl_op,0.015199502859585087,
B,percent_bc_gt_75,0.01505039071488381,
B,num_tl_op_past_12m,0.014395725166026227,
B,num_rev_accts,0.01286996140764251,
B,num_il_tl,0.012786061568219683,
B,verification_status_Not Verified,0.01208637252906097,
B,num_bc_tl,0.011099464353687851,
B,emp_length_years,0.010609782020935534,
B,pct_tl_nvr_dlq,0.010553173217739189,
B,num_rev_tl_bal_gt_0,0.010413701956175891,
B,num_actv_rev_tl,0.010314262600654918,
B,num_sats,0.009861787688215435,
B,open_acc,0.009687245256725844,
B,num_op_rev_tl,0.009682123225267843,
B,mths_since_last_delinq,0.008872526251329112,
B,mort_acc,0.008631404704630015,
B,num_bc_sats,0.007694813336831611,
B,num_actv_bc_tl,0.007494485444406937,
B,inq_last_6mths,0.007291952048911223,
B,mths_since_recent_revol_delinq,0.005606984182567714,
B,mths_since_last_major_derog,0.004647266713488404,
B,mths_since_recent_bc_dlq,0.004309245293118942,
B,home_ownership_RENT,0.0037663843087930157,
B,verification_status_Verified,0.0033580380676066935,
B,verification_status_Source Verified,0.003320623024214138,
B,home_ownership_MORTGAGE,0.0032067535183369525,
B,tot_coll_amt,0.00289113623411617,
B,mths_since_last_record,0.0027987294479424082,
B,purpose_debt_consolidation,0.002485111671340831,
B,purpose_credit_card,0.002265877363535617,
B,num_accts_ever_120_pd,0.0021265738934809196,
B,missingindicator_mths_since_last_delinq,0.0021059798211022908,
B,delinq_2yrs,0.001741913079046155,
B,missingindicator_mths_since_recent_revol_delinq,0.00168651536040538,
B,missingindicator_mths_since_last_major_derog,0.0014995250143549892,
B,missingindicator_mths_since_recent_bc_dlq,0.0013729344142892927,
B,missingindicator_emp_length_years,0.001145264244656998,
B,addr_state_CA,0.001137214934003601,
B,pub_rec,0.00102804298797155,
B,missingindicator_mths_since_recent_inq,0.0010173595383431155,
B,missingindicator_mths_since_last_record,0.00094702082890344,
B,addr_state_NY,0.0008453310270241021,
B,pub_rec_bankruptcies,0.0007702123594558946,
B,home_ownership_OWN,0.0006570305098442113,
B,purpose_small_business,0.0006118894739369732,
B,addr_state_FL,0.0005732570099926956,
B,purpose_other,0.00047839919895368053,
B,addr_state_TX,0.0004514366118726863,
B,num_tl_90g_dpd_24m,0.00041246365995532873,
B,addr_state_NJ,0.00031649877509196106,
B,purpose_home_improvement,0.0003164750603617602,
B,missingindicator_mo_sin_old_il_acct,0.00031591227220866827,
B,addr_state_PA,0.0002287247491194787,
B,addr_state_VA,0.00018623742020482397,
B,addr_state_IL,0.00017617725691945415,
B,missingindicator_num_tl_120dpd_2m,0.00016381224689334498,
B,addr_state_OH,0.00016177909426999315,
B,addr_state_NC,0.00014645977988671642,
B,addr_state_MD,0.00012428187851900178,
B,tax_liens,0.00011477076118872235,
B,addr_state_TN,0.00011311907085543771,
B,addr_state_GA,0.0001118307516242957,
B,addr_state_MI,0.00010670695878706746,
B,addr_state_MA,9.622074289056056e-05,
B,addr_state_CO,8.719055979420034e-05,
B,addr_state_AZ,8.588978328782904e-05,
B,addr_state_NV,8.460017494832542e-05,
B,addr_state_MO,8.249348201613694e-05,
B,addr_state_AL,8.233047970652763e-05,
B,addr_state_IN,7.734999296003462e-05,
B,addr_state_WA,6.962253032271698e-05,
B,addr_state_MN,6.0661561691240124e-05,
B,purpose_medical,5.859965104019765e-05,
B,addr_state_LA,5.598572216843063e-05,
B,missingindicator_mo_sin_old_rev_tl_op,5.487000723144262e-05,
B,missingindicator_avg_cur_bal,5.190086621644331e-05,
B,collections_12_mths_ex_med,4.751915273904031e-05,
B,missingindicator_tot_coll_amt,4.5359977054284475e-05,
B,missingindicator_pct_tl_nvr_dlq,4.379476217967888e-05,
B,purpose_major_purchase,4.351887057029541e-05,
B,missingindicator_mths_since_recent_bc,4.052232424979998e-05,
B,missingindicator_bc_util,3.9940994352834975e-05,
B,missingindicator_percent_bc_gt_75,3.988879419204809e-05,
B,missingindicator_bc_open_to_buy,3.788822013949741e-05,
B,addr_state_AR,3.781628844218374e-05,
B,purpose_moving,3.5039112270629636e-05,
B,addr_state_CT,3.1917945134288534e-05,
B,addr_state_OK,3.0992693467112934e-05,
B,addr_state_KY,3.095371232026235e-05,
B,addr_state_OR,2.3967910887240634e-05,
B,addr_state_WI,2.345372095433943e-05,
B,addr_state_SC,1.8032800563052288e-05,
B,purpose_vacation,1.6424261008429145e-05,
B,purpose_car,1.2988298630298318e-05,
B,addr_state_NM,1.266506720867495e-05,
B,addr_state_UT,1.1927212784297253e-05,
B,chargeoff_within_12_mths,1.1441524073700673e-05,
B,addr_state_HI,1.059622309946424e-05,
B,addr_state_KS,8.640557023329475e-06,
B,delinq_amnt,6.91517597802327e-06,
B,num_tl_30dpd,6.24000986465465e-06,
B,acc_now_delinq,3.988199217760352e-06,
B,addr_state_MS,3.3493594929375982e-06,
B,purpose_house,2.643549441938998e-06,
B,addr_state_WV,2.107839206121114e-06,
B,addr_state_DC,1.899435204705188e-06,
B,addr_state_RI,1.2216278132115616e-06,
B,addr_state_NH,1.093194954520224e-06,
B,purpose_wedding,8.537867372641221e-07,
B,addr_state_AK,7.210827980556361e-07,
B,addr_state_SD,6.648798154101225e-07,
B,addr_state_DE,5.572572452446129e-07,
B,addr_state_MT,5.302791477643542e-07,
B,addr_state_VT,2.0060044822475738e-07,
B,num_tl_120dpd_2m,0.0,
B,missingindicator_revol_util,0.0,
B,home_ownership_infrequent_sklearn,0.0,
B,purpose_infrequent_sklearn,0.0,
B,addr_state_WY,0.0,
B,addr_state_infrequent_sklearn,0.0,
