version,min_samples_leaf,max_features,class_weight,val_roc_auc,val_ks,val_brier,val_log_loss,val_mean_pd,avg_nodes_per_tree,fit_seconds
A,20,sqrt,None,0.7335475318994311,0.3407485570136822,0.14509944813759582,0.4519145222591864,0.17518896968129075,10411,64.6
A,20,0.3,None,0.7334313823319778,0.34052884109215087,0.14407508342077358,0.4498199413044444,0.1784030081936833,9737,234.3
A,50,sqrt,None,0.7333416684136236,0.34098877056168153,0.14554110037535645,0.4529379527062769,0.17344153148690336,4477,56.5
A,50,0.3,None,0.7339800634960566,0.3405353688873981,0.14440229607936017,0.45047479955479025,0.1746633847108589,4443,201.7
A,100,sqrt,None,0.7323553359048538,0.33855032516689265,0.14599619635309274,0.4541511020400167,0.1721313418135652,2264,50.4
A,100,0.3,None,0.7331529090324655,0.3385619051612092,0.14475781807785898,0.45139742028026036,0.17291997043815663,2298,178.9
A,50,0.3,balanced_subsample,0.7336905901918858,0.3406002555215481,0.18692881783929957,0.553897518268548,0.4057764018410001,4489,200.1
B,20,sqrt,None,0.7257809679538245,0.32520434852486974,0.14680403175367546,0.45742506718827436,0.18161792198933077,10591,60.3
B,20,0.3,None,0.7255780577567212,0.3266509452200933,0.1451182567961558,0.45328970872343244,0.1849315299819657,9852,207.1
B,50,sqrt,None,0.7248664206951491,0.32562176172440943,0.14748858532842168,0.4592859120407971,0.18008632161132448,4542,53.3
B,50,0.3,None,0.7250550743271886,0.3269489271355964,0.14553840696894985,0.4542342204929889,0.18240441019146608,4480,178.4
B,100,sqrt,None,0.7236663671218071,0.32543872723715295,0.14821347042148644,0.46131043582612874,0.17919127085919445,2287,46.6
B,100,0.3,None,0.7231439692721945,0.3218961341010626,0.14601352850172922,0.455588439640432,0.18114561317992667,2312,161.9
B,20,sqrt,balanced_subsample,0.7241804180118234,0.3237231574264298,0.18421540919244705,0.5516526963838592,0.4007775644553122,10801,62.3
