threshold,approve_share,approved_default_rate,decline_share,declined_default_rate
0.005,6.144582014808443e-06,0.0,0.9999938554179852,0.2035098068131544
0.01,0.0008233739899843313,0.007462686567164179,0.9991766260100157,0.2036701084182497
0.015,0.004012412055669913,0.013782542113323124,0.9959875879443301,0.2042728820669743
0.02,0.009438077974745768,0.013671875,0.9905619220252543,0.2053173209932448
0.025,0.01720482964146364,0.016428571428571428,0.9827951703585364,0.20678358185626308
0.03,0.026993148791053488,0.017983155019348964,0.9730068512089465,0.20865540062645246
0.035,0.03883375833358936,0.020411392405063292,0.9611662416664106,0.21090618507271855
0.04,0.0517496697287167,0.023866065067679885,0.9482503302712832,0.21331233840710717
0.045,0.06676702817290854,0.02917356893060924,0.9332329718270914,0.2159811428834796
0.05,0.08257703769701066,0.03184760770890691,0.9174229623029894,0.21895972030594885
0.055,0.09887246920028266,0.03455347709899944,0.9011275307997173,0.22204644946609026
0.06,0.11628007004823497,0.037571337983512997,0.8837199299517651,0.22534261338747472
0.065,0.134209960367446,0.04175441809358117,0.865790039632554,0.22858278390098152
0.07,0.15221358567083473,0.04420313256902955,0.8477864143291652,0.23211063034071883
0.075,0.1713293803189038,0.04784277158125022,0.8286706196810962,0.2356927822514867
0.08,0.18991674091369934,0.04953410120357189,0.8100832590863006,0.23960648376404195
0.085,0.2091677163660942,0.05214300402455862,0.7908322836339058,0.24354332421680755
0.09,0.2283080893422225,0.054903649477877056,0.7716919106577775,0.2474739029692091
0.095,0.24681557037082552,0.05743377813184625,0.7531844296291744,0.25137668567512667
0.1,0.26553811176994685,0.06067337729954877,0.7344618882300532,0.25514933489500546
0.105,0.28432824357123104,0.06256348194411428,0.7156717564287689,0.2595044302493303
0.11,0.3023318688746198,0.06517895250289617,0.6976681311253802,0.2634531715136249
0.115,0.3209253740514302,0.068161366290758,0.6790746259485698,0.2674725831553802
0.12,0.33894743310086334,0.07051956056705704,0.6610525668991367,0.2716972012306777
0.125,0.35666840763157087,0.07373462426351514,0.6433315923684292,0.2754563080831718
0.13,0.37435865925220435,0.07653672548215018,0.6256413407477956,0.2794834020821057
0.135,0.39195059756060097,0.07915281871198344,0.6080494024393991,0.28366866416726455
0.14,0.4090079572337092,0.08172585782104441,0.5909920427662908,0.28779072789844146
0.145,0.42573965406003256,0.08404173943163941,0.5742603459399674,0.29207772475336513
0.15,0.44164183231435683,0.08658086956521739,0.5583581676856432,0.29599427753934193
0.155,0.4575255768226366,0.08937684662906259,0.5424744231773634,0.2997677974740896
0.16,0.473102092230176,0.09146048444704201,0.5268979077698239,0.30411661807580176
0.165,0.48851884850533045,0.0938820688267257,0.5114811514946696,0.30821350055861896
0.17,0.5038065685581739,0.0959361888964777,0.49619343144182615,0.31273141555112505
0.175,0.518750192018188,0.09878707476546954,0.48124980798181205,0.31639024016547285
0.18,0.5332698393191803,0.10137462984087478,0.4667301606808197,0.32020327022828404
0.185,0.5473900887892101,0.10351911096144133,0.45260991121078986,0.32443660059733914
0.19,0.5609327475498479,0.10564251990929904,0.4390672524501521,0.32853784146887594
0.195,0.5738117914528864,0.10774749692134711,0.4261882085471136,0.332439446366782
0.2,0.5872930043933762,0.10972075455905586,0.4127069956066239,0.3369710865616532
0.205,0.6000368674920888,0.11185524254247181,0.39996313250791116,0.34100964788299637
0.21,0.6122461519555132,0.11373946206342835,0.38775384804448676,0.3452499801917439
0.215,0.6238717011275308,0.11555962652168775,0.3761282988724692,0.3493865682126346
0.22,0.6354358044794003,0.11736321968012069,0.3645641955205997,0.3536599753922907
0.225,0.6470244861593291,0.11903133903133903,0.352975513840671,0.35836017059796327
0.23,0.6582690712464284,0.12080649677961355,0.34173092875357153,0.36281578710779466
0.235,0.6690405235183876,0.12263622420396206,0.33095947648161234,0.3669934276484349
0.24,0.6795108912716212,0.12458064691148146,0.32048910872837877,0.37085394378618813
0.245,0.6892561983471074,0.12609094880229646,0.31074380165289256,0.3752273985604682
0.25,0.6993271682693785,0.12772818331986083,0.30067283173062154,0.3797641673308401
0.255,0.7089741620326278,0.12940493317848537,0.29102583796737225,0.38403395055211875
0.26,0.7186027220498326,0.13101437378686437,0.28139727795016745,0.3886365621451655
0.265,0.7274140526590679,0.13245989711360584,0.2725859473409321,0.3931067129525269
0.27,0.7358382746013702,0.13401640028725553,0.26416172539862975,0.3970831104184597
0.275,0.7446618943746351,0.13566300849905108,0.25533810562536485,0.40137167609192637
0.28,0.752686718485975,0.13727795193312434,0.247313281514025,0.40507838704067184
0.285,0.7607053980153,0.13882763467177164,0.23929460198469998,0.4091259244042728
0.29,0.7688162462748471,0.14045603855467906,0.23118375372515285,0.41319370614501383
0.295,0.7764293833911948,0.14211775878442545,0.22357061660880517,0.416710182767624
0.3,0.7837168576607576,0.14346980697160241,0.21628314233924237,0.42106309838347683
0.305,0.7910719223324834,0.14505643025251858,0.20892807766751667,0.42482795129698253
0.31,0.7981996374696612,0.14653241264635922,0.20180036253033887,0.4288715668960477
0.315,0.805069280162217,0.14816708771876264,0.19493071983778304,0.4320703568276384
0.32,0.8117300070662693,0.1496006964157299,0.18826999293373067,0.43593342036553523
0.325,0.8183108544041292,0.15113834324502914,0.18168914559587085,0.4393790794413068
0.33,0.8246582076254263,0.1524562436200255,0.17534179237457373,0.4436150827025512
0.335,0.8308458017143384,0.1538279493551059,0.1691541982856616,0.44752806131715644
0.34,0.8366032750622139,0.154980059198108,0.16339672493778612,0.4519780385078219
0.345,0.8424774954683708,0.15651051353302847,0.15752250453162925,0.454868154158215
0.35,0.8478847276414022,0.15770097616476675,0.15211527235859781,0.45883826143157214
0.355,0.8532981043964485,0.1588248001728235,0.14670189560355157,0.463413612565445
0.36,0.8584841316169468,0.15989092002233132,0.14151586838305324,0.468108201988624
0.365,0.8636701588374451,0.16098692354757466,0.13632984116255492,0.47288952990489924
0.37,0.8681741374542997,0.16195652943216482,0.13182586254570033,0.4771604362822784
0.375,0.8729976343359243,0.16312396182324954,0.1270023656640757,0.4811069717935072
0.38,0.8774463117146456,0.1642436974789916,0.12255368828535439,0.48463274003509654
0.385,0.8818519770192632,0.16529052307392156,0.11814802298073673,0.4887663823590597
0.39,0.8864665581123844,0.16640557850666815,0.11353344188761559,0.4932077718244304
0.395,0.890810777596854,0.1675806173478186,0.10918922240314603,0.4966235227912212
0.4,0.8951672862453531,0.16863897202163586,0.10483271375464684,0.5012601840454839
0.405,0.899308734523334,0.16972082154716517,0.10069126547666594,0.5052785744797705
0.41,0.9033027128329595,0.17060976273400086,0.09669728716704046,0.5108343394547881
0.415,0.9067989799993855,0.17156467471218415,0.09320102000061446,0.5143064345991561
0.42,0.9102645242557375,0.17251132367136715,0.0897354757442625,0.5179402903314161
0.425,0.9137239239300746,0.1734385087153002,0.08627607606992534,0.5219713695605727
0.43,0.917017419890012,0.17438354328598232,0.08298258010998802,0.5253609774157719
0.435,0.920255614611816,0.17533234958301896,0.07974438538818397,0.5286638927415627
0.44,0.9233832068573535,0.17617583646091192,0.07661679314264647,0.5329216456812896
0.445,0.9263326062244616,0.17706094616466342,0.07366739377553842,0.5360747351739095
0.45,0.9293127285016437,0.17771635998175098,0.07068727149835632,0.5425938803894298
0.455,0.9319856216780853,0.17838682454706084,0.06801437832191465,0.5477459571777035
0.46,0.9348059848228825,0.17928155914155192,0.06519401517711758,0.5508953817153629
0.465,0.9373682755230576,0.18003697100005245,0.06263172447694246,0.5547925046600608
0.47,0.9402377953239731,0.18102980675602376,0.059762204676026914,0.5571663582150935
0.475,0.9426280377277336,0.18178321860659158,0.05737196227226643,0.5604583913462569
0.48,0.9450735813696274,0.1825286399750335,0.05492641863037267,0.5644926725584517
0.485,0.9472118959107807,0.1833101962972093,0.05278810408921933,0.5659411011523687
0.49,0.949608282896556,0.18403820271249613,0.05039171710344404,0.5704182416778442
0.495,0.9519002119880795,0.18466662793624974,0.04809978801192049,0.5763924374041901
0.5,0.9541552735875142,0.18547306869993044,0.04584472641248579,0.5788768261627127
0.505,0.9563304556207564,0.18607923514822858,0.0436695443792436,0.585197692415928
0.51,0.9581922639712434,0.18678218044003822,0.04180773602875664,0.5868606701940036
0.515,0.959998771083597,0.18740999135917047,0.04000122891640296,0.5898617511520737
0.52,0.961958892746321,0.18800541666134368,0.03804110725367907,0.5955419156840575
0.525,0.9639988939752373,0.18867202937164565,0.03600110602476266,0.6007851169141492
0.53,0.9657009431933393,0.18917938700584744,0.034299056806660726,0.6069509136510212
0.535,0.9674828719776337,0.18978361796853666,0.03251712802236628,0.6118669690098262
0.54,0.9690927524655135,0.19045747075420855,0.030907247534486468,0.6127236580516898
0.545,0.970745645027497,0.19114593882924852,0.029254354972502995,0.6137366099558916
0.55,0.972447694245599,0.19174654526383633,0.027552305754401058,0.6186440677966102
0.555,0.9739592614212418,0.19224387566479714,0.02604073857875818,0.6248230297310052
0.56,0.9753356477925589,0.19279157820463552,0.02466435220744109,0.6273044344793224
0.565,0.9766505883437279,0.19330586051778917,0.023349411656272082,0.6302631578947369
0.57,0.9778180589265415,0.19381657083608256,0.02218194107345848,0.6307479224376731
0.575,0.979053119911518,0.1942247828488226,0.02094688008848198,0.637430331475506
0.58,0.980208301330302,0.19461648404001905,0.019791698669697995,0.6438994101210804
0.585,0.981295892346923,0.1950958353422959,0.0187041076530769,0.6448751642575559
0.59,0.9824510737657071,0.19549812682548517,0.01754892623429291,0.6519607843137255
0.595,0.9834587852161357,0.19587261719555396,0.016541214783864326,0.6575037147102526
0.6,0.9845525208147716,0.19635401389244278,0.015447479185228425,0.6595067621320605
0.605,0.9855356539371409,0.19678784969231441,0.014464346062859073,0.6614273576890399
0.61,0.9864266183292881,0.19705860367767977,0.01357338167071185,0.6722498868266183
0.615,0.9872254139912132,0.1973659641741252,0.012774586008786752,0.6782106782106783
0.62,0.9880487879811976,0.19774875621890547,0.01195121201880242,0.6796915167095116
0.625,0.9888721619711819,0.1981060558986914,0.01112783802881809,0.6836002208724462
0.63,0.9896279455590034,0.19843906194701255,0.010372054440996651,0.6872037914691943
0.635,0.9902854158345878,0.19873544960412995,0.009714584165412148,0.6900695762175838
0.64,0.9910166210943501,0.19910963957763683,0.008983378905649942,0.688782489740082
0.645,0.9918031275922455,0.19945976420442224,0.008196872407754463,0.6934032983508246
0.65,0.9924544532858153,0.19974987153055096,0.007545546714184768,0.6978827361563518
0.655,0.9929828873390888,0.19997153518189636,0.007017112660911241,0.7040280210157618
0.66,0.9934867430643031,0.20018554596901383,0.006513256935696949,0.710377358490566
0.665,0.9940459000276506,0.200437642171892,0.005954099972349381,0.7162022703818369
0.67,0.9945190328427909,0.2006759219785855,0.005480967157209131,0.7174887892376681
0.675,0.994832406525546,0.20084741575254472,0.0051675934744539005,0.7158145065398336
0.68,0.9953055393406863,0.20104209752995722,0.00469446065931365,0.7264397905759162
0.685,0.99566806967956,0.20125277709207604,0.004331930320439952,0.7219858156028369
0.69,0.9959937325263449,0.20143374482550142,0.004006267473655105,0.7193251533742331
0.695,0.9963685520292482,0.2016169813880632,0.0036314479707517896,0.7225042301184433
0.7,0.9966880702940183,0.20173729701737297,0.0033119297059817504,0.7365491651205937
0.705,0.9969830102307291,0.20188716456913236,0.0030169897692709454,0.7393075356415478
0.71,0.9973516851516175,0.20202816762571313,0.0026483148483824387,0.7610208816705336
0.715,0.997628191342284,0.20218158525243443,0.0023718086577160587,0.7616580310880829
0.72,0.9979292758610095,0.2023053051573814,0.0020707241389904454,0.7833827893175074
0.725,0.99823650496175,0.20247694788806953,0.001763495038250023,0.7874564459930313
0.73,0.9984208424221942,0.20255649647974006,0.0015791575778057697,0.8054474708171206
0.735,0.9985744569725644,0.2026484035123344,0.0014255430274355586,0.8060344827586207
0.74,0.9987956619250975,0.2028065383361325,0.0012043380749024548,0.7857142857142857
0.745,0.9989369873114381,0.20287011293457669,0.0010630126885618606,0.8034682080924855
0.75,0.9990660235337491,0.20294231608986857,0.0009339764662508833,0.8092105263157895
0.755,0.9991581922639713,0.20299124274328445,0.0008418077360287567,0.8175182481751825
0.76,0.999293373068297,0.20308061243313041,0.0007066269317029709,0.808695652173913
0.765,0.9994346984546376,0.20315026467387629,0.0005653015453623767,0.8369565217391305
0.77,0.9994899996927709,0.2031882062190309,0.0005100003072291007,0.8313253012048193
0.775,0.9995575900949338,0.2032420868859614,0.00044240990506620785,0.8055555555555556
0.78,0.9996190359150818,0.2032664752924399,0.00038096408491812344,0.8387096774193549
0.785,0.9997050600632892,0.20333503383590354,0.00029493993671080525,0.7916666666666666
0.79,0.9997357829733632,0.2033472237587737,0.000264217026636763,0.813953488372093
0.795,0.9997665058834373,0.20335941293244914,0.00023349411656272082,0.8421052631578947
0.8,0.9997910842114965,0.20337285125160562,0.00020891578850348706,0.8529411764705882
0.805,0.9998095179575409,0.2033813931192153,0.00019048204245906172,0.8709677419354839
0.81,0.9998156625395558,0.20338628891005747,0.00018433746044425328,0.8666666666666667
0.815,0.9998586746136594,0.20342055776108947,0.00014132538634059418,0.8260869565217391
0.82,0.9998832529417186,0.20343399333849538,0.00011674705828136041,0.8421052631578947
0.825,0.9999078312697779,0.2034535734037977,9.216873022212664e-05,0.8
0.83,0.9999324095978371,0.20346700750918678,6.759040216289287e-05,0.8181818181818182
0.835,0.9999446987618668,0.20347679677514502,5.530123813327598e-05,0.7777777777777778
0.84,0.9999569879258964,0.20348658580048912,4.3012074103659096e-05,0.7142857142857143
0.845,0.9999754216719408,0.2034951241543311,2.457832805923377e-05,0.75
0.85,0.9999754216719408,0.2034951241543311,2.457832805923377e-05,0.75
0.855,0.9999815662539556,0.20350001843408586,1.8433746044425328e-05,0.6666666666666666
0.86,0.9999938554179852,0.2035098068131544,6.144582014808443e-06,0.0
0.865,0.9999938554179852,0.2035098068131544,6.144582014808443e-06,0.0
0.87,0.9999938554179852,0.2035098068131544,6.144582014808443e-06,0.0
0.875,1.0,0.20350855633045561,0.0,
0.88,1.0,0.20350855633045561,0.0,
0.885,1.0,0.20350855633045561,0.0,
0.89,1.0,0.20350855633045561,0.0,
0.895,1.0,0.20350855633045561,0.0,
0.9,1.0,0.20350855633045561,0.0,
0.905,1.0,0.20350855633045561,0.0,
0.91,1.0,0.20350855633045561,0.0,
0.915,1.0,0.20350855633045561,0.0,
0.92,1.0,0.20350855633045561,0.0,
0.925,1.0,0.20350855633045561,0.0,
0.93,1.0,0.20350855633045561,0.0,
0.935,1.0,0.20350855633045561,0.0,
0.94,1.0,0.20350855633045561,0.0,
0.945,1.0,0.20350855633045561,0.0,
0.95,1.0,0.20350855633045561,0.0,
0.955,1.0,0.20350855633045561,0.0,
0.96,1.0,0.20350855633045561,0.0,
0.965,1.0,0.20350855633045561,0.0,
0.97,1.0,0.20350855633045561,0.0,
0.975,1.0,0.20350855633045561,0.0,
0.98,1.0,0.20350855633045561,0.0,
0.985,1.0,0.20350855633045561,0.0,
0.99,1.0,0.20350855633045561,0.0,
