feature,mean_abs_shap,mean_shap
term_months,0.3534813677245018,-0.0025926311579613924
loan_amnt,0.19000312852359652,-0.011074065083846205
annual_inc,0.17904501527006622,-0.004226087998523224
fico_range_low,0.16753851909865156,0.007055709939975926
dti,0.14677260678530368,0.02556189981136355
acc_open_past_24mths,0.12417789763144439,0.02262997944293897
emp_title,0.10153759253535788,0.009744310906166617
num_tl_op_past_12m,0.08111712088011384,0.01384832708636539
percent_bc_gt_75,0.07747501700651482,-0.01313437232705156
home_ownership_RENT,0.07667167362882465,-0.004169981561961665
total_il_high_credit_limit,0.07552866439842543,-0.008443338201203755
mo_sin_old_rev_tl_op,0.06737016377108293,0.0015289410795226858
mths_since_recent_bc,0.06115562937915272,0.0015038406258439988
zip_code,0.05635248006407465,0.00036107850293036123
mths_since_recent_inq,0.05434755848783318,0.0020030627890855134
total_bc_limit,0.05382134872991419,0.004502621622490212
bc_open_to_buy,0.050811928339840225,-0.002452469582148369
bc_util,0.05027603564559121,0.0018732864716282166
total_rev_hi_lim,0.04977136972559972,-0.001737026675702119
num_il_tl,0.048660988776049456,-0.001581604564100119
total_bal_ex_mort,0.0473072038255451,0.0022000819392939083
tot_hi_cred_lim,0.0470711369077322,0.005737857988977278
mo_sin_rcnt_rev_tl_op,0.04606663400068344,-0.006730102165920233
purpose_credit_card,0.044264704139086994,0.0021732538089415036
total_acc,0.04423569518948849,0.0020082008230351543
mo_sin_rcnt_tl,0.042181194434100636,0.004367442686087797
inq_last_6mths,0.040174082627739055,-0.012104629948756383
pct_tl_nvr_dlq,0.0394624679186262,-0.0019310304955119904
revol_util,0.03733813297895507,0.0004631789860620972
credit_history_months,0.03694858872558259,0.001908650354189523
mths_since_last_delinq,0.03458048665758394,-0.0009864328347134392
title,0.0339097676641491,0.01613451713375293
num_rev_tl_bal_gt_0,0.032241950239920235,0.00046645560109103324
avg_cur_bal,0.02983570513271153,0.007235123916873232
revol_bal,0.029344556306936994,0.011415543590348139
num_rev_accts,0.0288209511781711,0.00027730921069562506
verification_status_Verified,0.02758068193356772,0.004832794515180169
verification_status_Not Verified,0.02741122514399867,0.0017226122814271807
emp_length_years,0.025879132654968207,0.0027949415014315764
mo_sin_old_il_acct,0.024322685598361055,0.0020855406900596703
mort_acc,0.02232068794184356,0.003399397796900804
num_bc_sats,0.022162210482996856,-0.000138372364595748
num_bc_tl,0.021435835080336023,-0.00220976628224268
tot_cur_bal,0.021086048676201806,0.0005314374528532438
num_actv_rev_tl,0.018882045282854188,0.0009078639227916485
home_ownership_MORTGAGE,0.018757771521246237,-4.701444749088436e-05
mths_since_recent_bc_dlq,0.018606085185017496,0.0012763345949677889
purpose_debt_consolidation,0.014986499465345358,-0.00020073775824713062
missingindicator_mths_since_recent_inq,0.01478899439724733,-0.00018670587735073745
purpose_other,0.014651794049858696,-0.0006433974441813157
delinq_2yrs,0.013369358204407948,0.001384223252000818
missingindicator_emp_length_years,0.013106800206054876,0.0005030485816020138
addr_state_NY,0.012278778132026592,-0.000785286878580034
num_sats,0.011572907431553741,0.0015147102339351532
mths_since_last_record,0.011305891070153033,-0.0024583527025984365
num_op_rev_tl,0.011208205784846385,-0.000540222196609099
mths_since_recent_revol_delinq,0.010537252876090782,-0.0007837272043622094
mths_since_last_major_derog,0.010377912837858059,0.0013704572124040957
purpose_small_business,0.010278205244285426,-0.0012919234841219682
num_actv_bc_tl,0.009803097193202139,0.00018754852644464528
missingindicator_mths_since_last_major_derog,0.008171973687121522,0.0001921924310617616
tot_coll_amt,0.00795155297618893,0.0007262629602456381
addr_state_NJ,0.006512015217752541,-0.00036501871548869265
addr_state_CO,0.006413102983213399,-0.00048530980119431566
open_acc,0.005291631988275406,0.0005161974609430088
num_accts_ever_120_pd,0.005229141712658692,0.0004216834804231836
addr_state_WA,0.0050183428112793955,3.898881135202229e-05
addr_state_CA,0.004461330327661269,-0.0005639125050532338
pub_rec_bankruptcies,0.004344309119598404,0.0003011806014141523
purpose_medical,0.004285921503166716,-0.0004233185368382951
addr_state_TX,0.004233340475367696,6.222197212160621e-05
addr_state_FL,0.0035414976990232184,5.0712393788530774e-05
addr_state_SC,0.0034622971420630575,-4.456694993109907e-05
addr_state_VA,0.0034224466184952056,-7.265082217198531e-05
addr_state_GA,0.003399915912929991,-4.243865228499619e-05
missingindicator_mo_sin_old_il_acct,0.0033563352211399035,-0.0006199837383428717
purpose_moving,0.003186774988823814,0.00017678931101271342
tax_liens,0.0029154940072922933,-0.0006557803659117834
addr_state_OR,0.0029022830188253227,0.00016284119729168472
addr_state_MA,0.002817727660831388,1.9739209738843157e-05
addr_state_MD,0.0027978208235633273,4.5660997980357845e-05
purpose_home_improvement,0.0026754923383644135,4.426787089405035e-05
pub_rec,0.002606957657924879,0.0007607213034655869
verification_status_Source Verified,0.002260985785289431,0.0005365213632129993
chargeoff_within_12_mths,0.0021238083815526792,-0.00020050765675867899
home_ownership_OWN,0.0020530994254071553,-0.0001405531290644829
missingindicator_mths_since_recent_bc_dlq,0.002015468488640956,9.857181082029111e-06
addr_state_KS,0.0018459064926209837,-4.222998288977567e-05
missingindicator_mths_since_last_delinq,0.0016183039087550469,-0.0001886628325478518
collections_12_mths_ex_med,0.0015781150034481334,0.0004507604645808171
addr_state_NV,0.0014308405817193962,2.1842722327518266e-05
addr_state_OK,0.0013870670124191075,4.086431549142226e-05
addr_state_AL,0.0013645203587139252,2.3720206400328698e-06
addr_state_TN,0.0013564332996729381,7.874993403769807e-05
addr_state_PA,0.0013420355226412544,3.839334528586088e-05
addr_state_MO,0.0013086347997376942,-5.886417096606668e-06
purpose_major_purchase,0.0011210437692018601,2.2613940324435133e-05
addr_state_AR,0.0010879448093723387,2.9172068111820144e-05
num_tl_90g_dpd_24m,0.000953949944956498,-4.5179322966038335e-05
addr_state_LA,0.0009429592377397508,6.71278194419097e-05
addr_state_WI,0.000790712541066056,-1.4165587294469747e-05
missingindicator_mths_since_recent_revol_delinq,0.0007550356040708377,-3.274731144785622e-05
addr_state_NC,0.0007362227248577561,-8.652348933411739e-05
addr_state_IL,0.0007036677888241896,3.019474659121723e-05
addr_state_MN,0.0006806719977160902,1.178728434506747e-06
missingindicator_mths_since_last_record,0.0005310358498540574,8.695493584667496e-05
purpose_car,0.0005025621675262129,-2.8573446312072287e-05
missingindicator_num_tl_120dpd_2m,0.0004973853358854331,2.3403288245110207e-05
addr_state_CT,0.0004901044985348136,1.7349413230222202e-07
addr_state_HI,0.0004731755824261491,3.277867203059534e-05
addr_state_NM,0.0004171624312642374,-1.3895400731283709e-05
addr_state_OH,0.00040551592453681094,-3.4458244388286685e-06
addr_state_IN,0.0002875017273725054,9.329048538752175e-06
addr_state_UT,0.0002874149113449352,3.0244577704792774e-06
addr_state_KY,0.00019733072587274378,-8.611505903263791e-06
missingindicator_bc_util,0.00016407553362023718,-7.4573948133851405e-06
addr_state_AZ,0.00014723274311462527,1.4043571387908135e-05
addr_state_MI,0.0001276745757572384,-9.614733950874014e-06
missingindicator_mths_since_recent_bc,0.00011905873523697865,2.439464968505225e-06
missingindicator_pct_tl_nvr_dlq,8.436705234503983e-05,8.43652507849071e-05
missingindicator_tot_coll_amt,7.074036439496574e-05,7.074036439496574e-05
missingindicator_avg_cur_bal,5.0668574843645656e-05,-5.0668574843645656e-05
missingindicator_bc_open_to_buy,4.2106688341403096e-05,-2.2643380422573475e-06
missingindicator_percent_bc_gt_75,3.9456142642762764e-05,1.1598255560262992e-06
missingindicator_mo_sin_old_rev_tl_op,2.556117481290549e-05,-2.556117481290549e-05
acc_now_delinq,0.0,0.0
home_ownership_infrequent_sklearn,0.0,0.0
delinq_amnt,0.0,0.0
missingindicator_revol_util,0.0,0.0
num_tl_30dpd,0.0,0.0
num_tl_120dpd_2m,0.0,0.0
addr_state_DC,0.0,0.0
addr_state_DE,0.0,0.0
purpose_infrequent_sklearn,0.0,0.0
purpose_house,0.0,0.0
purpose_vacation,0.0,0.0
purpose_wedding,0.0,0.0
addr_state_AK,0.0,0.0
addr_state_NH,0.0,0.0
addr_state_MT,0.0,0.0
addr_state_MS,0.0,0.0
addr_state_RI,0.0,0.0
addr_state_SD,0.0,0.0
addr_state_VT,0.0,0.0
addr_state_WV,0.0,0.0
addr_state_WY,0.0,0.0
addr_state_infrequent_sklearn,0.0,0.0
