version,trial,num_leaves,min_data_in_leaf,feature_fraction,bagging_fraction,lambda_l1,lambda_l2,min_gain_to_split,best_iteration,val_roc_auc,val_ks,val_brier,val_log_loss,val_mean_pd,seconds
A,0,31,200,0.7,0.8,0.0,1.0,0.0,562,0.7402552122203122,0.3503579700827824,0.1425115468140736,0.4456678565497496,0.17830666351450236,45.7
A,1,134,151,0.915,0.849,0.00029572411409066154,7.552865626115626,0.381,245,0.7395386839126242,0.3483361086653715,0.14266853600934284,0.4461842787819478,0.177807118043362,38.0
A,2,139,36,0.67,0.685,4.3035310846126915,0.1657011797146675,0.411,242,0.7387787726114442,0.34756156508695185,0.14277026947399607,0.44652661670793803,0.1779841205444812,33.6
A,3,53,57,0.733,0.532,1.3745351808288662,0.1439865731152542,0.379,384,0.7395416439562282,0.3481116864422176,0.14259713629457482,0.4459927713180565,0.17845300538955164,32.7
A,4,41,1748,0.936,0.889,0.0009401421827646232,0.021557828797649357,0.022,515,0.7404043913835432,0.34984594869071406,0.14231066852266014,0.4452463310846337,0.1796744308943739,54.9
A,5,23,465,0.847,0.984,0.004257226831781381,0.007117025635786542,0.235,750,0.7397754016836005,0.34909175250047747,0.1425167117610686,0.44577790035459114,0.17868118278457915,57.5
A,6,26,36,0.685,0.613,0.22339321243917015,0.015337677238333257,0.416,574,0.7397065827661546,0.3478205654083919,0.14257546561445777,0.44599299431632744,0.17783753003794486,37.9
A,7,109,84,0.899,0.902,0.00865748793814908,0.0027646523010950172,0.341,285,0.7387833869066752,0.34573350756315835,0.1428275855068095,0.4466920991404192,0.17758829582250676,37.2
A,8,22,50,0.404,0.893,0.21098631304179982,0.335603818148091,0.39,576,0.7399187399549985,0.348773986881519,0.142575811147335,0.4456825003241228,0.17922618134961935,37.0
A,9,55,274,0.484,0.557,0.21979348186071496,0.022671540493407066,0.283,417,0.7404212476532548,0.35052515268402445,0.14241339356040014,0.4453330449747913,0.17994969193937196,35.0
A,10,131,372,0.732,0.78,0.0033094093556724435,0.00014259003408850107,0.218,252,0.7389948469432914,0.34735490242663947,0.14263334478277273,0.44623872541601783,0.17856682544345176,35.8
A,11,28,131,0.912,0.617,0.0001956652528426982,0.0025522279482250677,0.147,658,0.7398403134739284,0.3479985267330976,0.14254746647580807,0.44587332910330263,0.17834112546492253,46.9
A,12,98,260,0.87,0.832,0.010763023963055198,1.1751733206453638,0.083,267,0.739850865093008,0.3503102327412314,0.1425307230721554,0.44579889533704137,0.17873180865001412,36.2
A,13,16,30,0.833,0.731,0.0006402637223214795,0.03200544540995634,0.076,536,0.7392719487652509,0.34740984654731455,0.14277188318201942,0.44643566881750035,0.17714087594474445,36.3
A,14,108,156,0.629,0.651,0.14171406821452928,0.006442627956079213,0.044,270,0.7389193292617594,0.346268432723529,0.14272718144827687,0.4464312279645415,0.17792645023819398,31.6
A,15,21,1678,0.945,0.85,0.0021347636898932207,7.012645524834275,0.389,654,0.740725072091084,0.34970824540317436,0.14232630184485037,0.4452389579907262,0.17852470672705414,54.5
A,16,114,158,0.563,0.548,3.2584569136159818,0.019005594069851025,0.101,320,0.7392538943161013,0.3488263722927992,0.14263331338182741,0.44614384537345403,0.17897208266133244,36.3
A,17,36,288,0.506,0.928,0.6202940983350274,0.3956532885065328,0.216,536,0.740219516768456,0.3494412999222022,0.14243485117944799,0.4453759793047871,0.17964178875082257,41.8
A,18,89,295,0.79,0.542,0.011996015296017227,0.00016146220135733705,0.247,220,0.7393221241597138,0.3485105003750134,0.14264507205641613,0.44615315596878835,0.17816739700764392,27.4
A,19,38,39,0.462,0.794,0.0007127953250770938,4.222800768156589,0.291,668,0.7403802589222906,0.3490486306187954,0.1424017723834266,0.4453087792413415,0.179711215137578,46.5
A,20,40,304,0.414,0.979,0.025793910270215773,0.8197400166700625,0.041,761,0.7409526362742769,0.3515272583492889,0.1423114033905569,0.4449642035566029,0.1801326714722181,54.6
A,21,60,192,0.963,0.786,0.023304887204151147,0.0021621126386520795,0.166,346,0.7394057894148394,0.34886669322041003,0.1425686257617318,0.44608747933442633,0.1782905315262778,37.8
A,22,66,151,0.413,0.913,3.0255466891652607,0.0005026265726867501,0.277,543,0.740174690322791,0.34840843500621915,0.14241250801950367,0.4453062502317395,0.18052360966931086,45.3
A,23,20,442,0.569,0.83,0.4314923211815454,0.6970075133727107,0.054,743,0.7406187571916387,0.3500459263296671,0.14236648425198226,0.445275497368086,0.17888335480717144,49.8
A,24,201,58,0.422,0.777,0.007155029345593832,1.409122390192332,0.404,192,0.7383476336887809,0.3462898772005832,0.14287404977848817,0.4466983688753224,0.17831325939157414,27.2
A,25,37,1610,0.575,0.758,0.0019046950487059142,4.788702423667234,0.082,528,0.7408678713680769,0.3496583651279472,0.1422285314087125,0.4449049071702253,0.1800725748828756,46.0
A,26,17,148,0.995,0.946,0.5534012009567609,2.8442152088511934,0.447,904,0.7401773033043104,0.34972139067078484,0.1425660216930742,0.44588758780561494,0.17728647293559915,66.0
A,27,65,86,0.863,0.831,0.0073839482511782835,0.0002967107902873661,0.373,282,0.7391870583110888,0.348682072496378,0.14271018042983855,0.4463436053973061,0.1776378715151884,32.0
A,28,32,1495,0.545,0.561,1.430748702142978,0.0005840117475155851,0.09,552,0.740566618450659,0.34936120777605406,0.14236665502755044,0.4451226241285028,0.17997574040284883,43.4
A,29,82,1122,0.518,0.655,0.7709464113644713,7.229897334594895,0.25,296,0.7402056906535481,0.34889846337679764,0.1424906953106099,0.4455247193716474,0.17918290445190224,34.0
A,30,23,21,0.538,0.566,0.24450816596849834,0.00040659545821910463,0.253,680,0.7398164572647781,0.3497836359062513,0.14256084900232807,0.44582197044339217,0.17855705688317436,41.2
A,31,107,291,0.52,0.902,0.3776031843556226,0.4953589562426798,0.066,285,0.73974705300034,0.3500034927489646,0.14254672951004502,0.4456860603906714,0.18013076440534057,33.8
A,32,21,1433,0.639,0.65,0.027728107350228473,0.20621538523149052,0.478,747,0.7408068222157003,0.35082389860196866,0.14228347753569487,0.44504743879604447,0.1796644810969865,51.5
A,33,34,1415,0.415,0.778,0.14786846290689035,0.00033844415547578896,0.07,605,0.7409023444160272,0.35031261791958407,0.14222255699951056,0.4447492500526471,0.18116108202702777,46.5
A,34,49,1712,0.758,0.967,1.0514886230949891,0.02172241006206794,0.392,470,0.7401651964278229,0.34795423439035866,0.14235829822192647,0.44538061326718087,0.17962528434743935,49.5
A,35,16,33,0.898,0.898,0.0014561419372247748,0.04506589007125724,0.303,1063,0.7395402659567034,0.3482618769769728,0.14262856977205499,0.4461067684208583,0.1777803563902664,68.6
A,36,175,322,0.648,0.687,0.013471328663725352,0.18182564125593914,0.434,171,0.739060147722667,0.3460719140590424,0.14275965853281314,0.446364782783084,0.17799039537400466,28.9
A,37,54,63,0.542,0.873,1.210162851230352,0.00033603955372142337,0.033,514,0.7402506463740165,0.34877466586539574,0.14240118775093735,0.4454142613166903,0.17924560689187705,42.4
A,38,81,39,0.895,0.655,0.0005240342405703337,4.025801547217702,0.083,335,0.7389101181408653,0.34507499918475343,0.14265854277799636,0.4462976606811127,0.17859414550769373,37.2
A,39,34,41,0.469,0.511,0.00018922436034536747,0.0007468052368023285,0.027,388,0.7392058008282905,0.34958197420094195,0.1427568112137411,0.4463404571576693,0.17804703540861772,27.5
B,0,31,200,0.7,0.8,0.0,1.0,0.0,616,0.7346160058511406,0.3404744350341704,0.14299360010868944,0.4472912231514808,0.1864442730251617,46.9
B,1,134,151,0.915,0.849,0.00029572411409066154,7.552865626115626,0.381,227,0.7338906449298654,0.33942458503952777,0.14313074407602927,0.44773736432903477,0.18604783805987155,35.8
B,2,139,36,0.67,0.685,4.3035310846126915,0.1657011797146675,0.411,319,0.7331961799877946,0.33809779347709623,0.14321050462705515,0.4479744782361103,0.1862923575308671,40.0
B,3,53,57,0.733,0.532,1.3745351808288662,0.1439865731152542,0.379,379,0.7339457462766528,0.33761143255116255,0.14305670387936245,0.4475832789808804,0.18676003282502157,31.6
B,4,41,1748,0.936,0.889,0.0009401421827646232,0.021557828797649357,0.022,532,0.7350282061315854,0.33959473513805616,0.14283955719114858,0.44696499304203585,0.18640702099446907,53.7
B,5,23,465,0.847,0.984,0.004257226831781381,0.007117025635786542,0.235,823,0.7346149211074309,0.3405992923660317,0.14294233490466363,0.44725449489766234,0.18615691219770256,59.1
B,6,26,36,0.685,0.613,0.22339321243917015,0.015337677238333257,0.416,531,0.7340568522633573,0.3398117910266982,0.14312168813607354,0.44768105457823126,0.18642164771419645,34.8
B,7,109,84,0.899,0.902,0.00865748793814908,0.0027646523010950172,0.341,251,0.7331849948057152,0.338138518534047,0.14328373256282936,0.4481569646736147,0.18606321677214865,33.5
B,8,22,50,0.404,0.893,0.21098631304179982,0.335603818148091,0.39,868,0.7346796302507699,0.3402363248221599,0.14300274814267006,0.44731161646858086,0.18648564313833293,49.3
B,9,55,274,0.484,0.557,0.21979348186071496,0.022671540493407066,0.283,357,0.7342681671860951,0.3382868083798024,0.1430479481859212,0.4474194928230778,0.18671405471276054,30.0
B,10,131,372,0.732,0.78,0.0033094093556724435,0.00014259003408850107,0.218,226,0.7340932190124803,0.33966425353700525,0.14307592793091778,0.4475067412058301,0.18643348616032593,32.7
B,11,28,131,0.912,0.617,0.0001956652528426982,0.0025522279482250677,0.147,556,0.7340078028407847,0.33955574189761434,0.14309865304648262,0.4476160097021706,0.1866146586478805,39.5
B,12,98,260,0.87,0.832,0.010763023963055198,1.1751733206453638,0.083,283,0.7342364780885031,0.3390102942341108,0.14305196248792315,0.4474846816973777,0.1866651261043209,36.2
B,13,16,30,0.833,0.731,0.0006402637223214795,0.03200544540995634,0.076,772,0.7338564700292092,0.3381903425898751,0.14314161592216487,0.4477580346463124,0.186204546426868,46.0
B,14,108,156,0.629,0.651,0.14171406821452928,0.006442627956079213,0.044,217,0.7337000249232504,0.3390956575312472,0.14317358752664536,0.4478368185891693,0.18610159146045877,26.9
B,15,21,1678,0.945,0.85,0.0021347636898932207,7.012645524834275,0.389,994,0.735373772821079,0.34131612580884096,0.14278056044091966,0.4467486881386743,0.18679447675600058,73.4
B,16,114,158,0.563,0.548,3.2584569136159818,0.019005594069851025,0.101,237,0.73327604968811,0.3384267489366856,0.14317626874224196,0.4478846027794593,0.18639075052338855,28.9
B,17,36,288,0.506,0.928,0.6202940983350274,0.3956532885065328,0.216,630,0.7350516099953881,0.34046628373373583,0.14287135631719333,0.4469770847217722,0.18650975286483798,45.9
B,18,89,295,0.79,0.542,0.011996015296017227,0.00016146220135733705,0.247,265,0.7338206469330426,0.3406555897959089,0.14313174636914672,0.44772789604826596,0.18652780443151618,30.6
B,19,38,39,0.462,0.794,0.0007127953250770938,4.222800768156589,0.291,511,0.7342922097373042,0.3401505294443746,0.1430804934602062,0.4475161801379856,0.1863489796431323,36.8
B,20,40,304,0.414,0.979,0.025793910270215773,0.8197400166700625,0.041,546,0.7347003472950121,0.3398052306215905,0.14293243285419846,0.4471624091998379,0.18647183415743349,40.3
B,21,60,192,0.963,0.786,0.023304887204151147,0.0021621126386520795,0.166,347,0.7343147168299489,0.34033715916872814,0.14307203417160166,0.4475270151060055,0.1865665881768027,37.1
B,22,66,151,0.413,0.913,3.0255466891652607,0.0005026265726867501,0.277,422,0.7348733521538813,0.3414027177989276,0.14294729215121982,0.4471194053891322,0.18675953525364541,36.3
B,23,20,442,0.569,0.83,0.4314923211815454,0.6970075133727107,0.054,712,0.7346916798270746,0.34075342636460615,0.1429814890068668,0.4472785456004237,0.18602908300610427,46.0
B,24,201,58,0.422,0.777,0.007155029345593832,1.409122390192332,0.404,255,0.7323916849514812,0.33964522684816384,0.14341849361234285,0.44852852005646304,0.1852659801954493,32.1
B,25,37,1610,0.575,0.758,0.0019046950487059142,4.788702423667234,0.082,458,0.73534727474739,0.34003707857578763,0.14281794464746336,0.4468002033835234,0.186860052014399,39.4
B,26,17,148,0.995,0.946,0.5534012009567609,2.8442152088511934,0.447,1293,0.7346604125613182,0.34091561034012086,0.142950197520117,0.44720583999197616,0.18655222921292058,84.0
B,27,65,86,0.863,0.831,0.0073839482511782835,0.0002967107902873661,0.373,304,0.7337309772709274,0.33862982334772823,0.14318901118824479,0.44781917329089144,0.18666919740955218,32.6
B,28,32,1495,0.545,0.561,1.430748702142978,0.0005840117475155851,0.09,439,0.734883639400165,0.34015516586772504,0.14289193197873806,0.4470714298189964,0.18645043685413462,34.5
B,29,82,1122,0.518,0.655,0.7709464113644713,7.229897334594895,0.25,297,0.7343623216357107,0.33905943962284363,0.14303536306019968,0.44739425984858905,0.18626397210586298,33.2
B,30,23,21,0.538,0.566,0.24450816596849834,0.00040659545821910463,0.253,626,0.7335406428335174,0.3385145160463805,0.14317758339020278,0.44786630254640947,0.18681254201260858,36.9
B,31,107,291,0.52,0.902,0.3776031843556226,0.4953589562426798,0.066,395,0.7347143024517957,0.33922746775117746,0.14296103230181867,0.4472233783209517,0.18644397545229402,40.9
B,32,21,1433,0.639,0.65,0.027728107350228473,0.20621538523149052,0.478,849,0.7355597042285671,0.34028060784779585,0.14277775914232138,0.4467004337584827,0.18643302245249893,55.5
B,33,34,1415,0.415,0.778,0.14786846290689035,0.00033844415547578896,0.07,596,0.7355395357287605,0.34244376546056765,0.14276181313680977,0.4466697202781808,0.18654017297046044,44.2
B,34,49,1712,0.758,0.967,1.0514886230949891,0.02172241006206794,0.392,433,0.7349340272245748,0.3390884414350202,0.14288702816321028,0.4470073369278515,0.18656576855512494,44.6
B,35,16,33,0.898,0.898,0.0014561419372247748,0.04506589007125724,0.303,1149,0.7337444148626426,0.3393221458219781,0.14310980257045144,0.4476786283822307,0.18645481882558645,69.3
B,36,175,322,0.648,0.687,0.013471328663725352,0.18182564125593914,0.434,173,0.7337704025920181,0.3391000354049912,0.14319105649167993,0.44782085751608663,0.18596772522176885,28.6
B,37,54,63,0.542,0.873,1.210162851230352,0.00033603955372142337,0.033,397,0.7342569135233091,0.3397677316115328,0.14298673168900566,0.4473518118734282,0.18662651210104136,34.1
B,38,81,39,0.895,0.655,0.0005240342405703337,4.025801547217702,0.083,258,0.7340894889103182,0.34082331278912137,0.1430815620786283,0.44757481708209157,0.18639850692956236,30.7
B,39,34,41,0.469,0.511,0.00018922436034536747,0.0007468052368023285,0.027,483,0.7335372183323318,0.33902618688245073,0.14320187290213143,0.44788959840763326,0.1861713953431754,31.6
