model,version,split,rows,default_rate,mean_pd,roc_auc,pr_auc,ks,brier,log_loss,calibration_gap,notes
M0,A,train,388124,0.1724397357545526,0.1724397357545526,0.5,0.1724397357545526,0.0,0.1427042732874527,0.4597337116656922,0.0,constant PD = train default rate
M0,A,validation,162745,0.2035085563304556,0.1724397357545526,0.5,0.2035085563304556,0.0,0.163058095442727,0.5084631097385313,-0.0310688205759029,constant PD = train default rate
M0,B,train,388124,0.1724397357545526,0.1724397357545526,0.5,0.1724397357545526,0.0,0.1427042732874527,0.4597337116656922,0.0,constant PD = train default rate
M0,B,validation,162745,0.2035085563304556,0.1724397357545526,0.5,0.2035085563304556,0.0,0.163058095442727,0.5084631097385313,-0.0310688205759029,constant PD = train default rate
M1,A,train,388124,0.1724397357545526,0.172426228930465,0.7142309567664383,0.3387398713634597,0.3121119504249353,0.1303012599548198,0.4173365232893272,-1.3506824087600178e-05,"log+scale, C=0.0001, class_weight=None"
M1,A,validation,162745,0.2035085563304556,0.1773461055523967,0.7334971247420328,0.4119578017662846,0.3420537655071532,0.1444583064549463,0.4506311562385864,-0.0261624507780588,"log+scale, C=0.0001, class_weight=None"
M1,B,train,388124,0.1724397357545526,0.1724589197813363,0.7109094066225713,0.3361967398484379,0.3076096562680533,0.1306002588438568,0.4185402794746224,1.91840267836918e-05,"log+scale, C=0.001, class_weight=None"
M1,B,validation,162745,0.2035085563304556,0.1837324262101361,0.7251839070339469,0.4045472425470123,0.3262253679091023,0.1448550217368322,0.4529055744435611,-0.0197761301203194,"log+scale, C=0.001, class_weight=None"
M2,A,train,388124,0.1724397357545526,0.1727920534291496,0.7902288377974881,0.4444142327875828,0.432010443890892,0.1214533499239884,0.3875842415942429,0.0003523176745969,"500 trees, leaf=50, max_features=0.3, class_weight=None"
M2,A,validation,162745,0.2035085563304556,0.1748816063345108,0.7344621306351004,0.4152043661213156,0.3410197650692494,0.14434597211605,0.4502505020042978,-0.0286269499959448,"500 trees, leaf=50, max_features=0.3, class_weight=None"
M2,B,train,388124,0.1724397357545526,0.17304048610188,0.8547733648925165,0.5555499980863204,0.5517156626272586,0.1173170337540736,0.376693647931433,0.0006007503473273,"500 trees, leaf=20, max_features=sqrt, class_weight=None"
M2,B,validation,162745,0.2035085563304556,0.1817250282605964,0.7270083644291643,0.4084089038068506,0.3284408806525699,0.1467213794356688,0.4571387495655484,-0.0217835280698592,"500 trees, leaf=20, max_features=sqrt, class_weight=None"
M3,A,train,388124,0.1724397357545526,0.1723916582157804,0.7704095341130699,0.4286769577446051,0.3991958305593781,0.1220201376341666,0.3913042545666234,-4.807753877228427e-05,"lr=0.02, rounds=2961, leaves=20, min_leaf=442"
M3,A,validation,162745,0.2035085563304556,0.1792089597311625,0.7413700103419842,0.4250085767988154,0.3518661796151105,0.1422370535329185,0.4448415141941789,-0.024299596599293,"lr=0.02, rounds=2961, leaves=20, min_leaf=442"
M3,B,train,388124,0.1724397357545526,0.1724774870977041,0.7566894244598162,0.4035509326283369,0.377297663416819,0.1241533887391355,0.397964197614008,3.775134315142648e-05,"lr=0.02, rounds=2279, leaves=21, min_leaf=1433"
M3,B,validation,162745,0.2035085563304556,0.1868581946277459,0.7361999806670114,0.4210082561244077,0.3415124092164782,0.1426426874814721,0.4463029448576928,-0.0166503617027097,"lr=0.02, rounds=2279, leaves=21, min_leaf=1433"
M3,B-mono,train,388124,0.1724397357545526,0.1724929572779503,0.7488851798652864,0.3913639673298908,0.3648722279216784,0.1252664842493697,0.4014982276305449,5.322152339762298e-05,"lr=0.02, rounds=1853, leaves=21, min_leaf=1433, monotone"
M3,B-mono,validation,162745,0.20350855633045561,0.1869605510638604,0.7354188328931003,0.42014012261244016,0.33997471804117235,0.14276795970992212,0.44667671879431115,-0.016548005266595223,"lr=0.02, rounds=1853, leaves=21, min_leaf=1433, monotone"
